sku,name,type,dec31_image,feb12_image,local_file,status
hmh00001,Teaming with Microbes,simple,https://hmoonhydro.com/wp-content/uploads/2019/08/teaming_with_microbes.jpg,https://hmoonhydro.com/wp-content/uploads/2026/02/9901e240__teaming_with_microbes.jpg,,IMAGE_CHANGED
hmh00003,Gardening Indoors with Soil & Hydroponics,simple,https://hmoonhydro.com/wp-content/uploads/2019/08/gardening_indoors2.jpg,https://hmoonhydro.com/wp-content/uploads/2026/02/a9cd7184__gardening_indoors2.jpg,,IMAGE_CHANGED
hmh00006,Gardening Indoors with Cuttings,simple,https://hmoonhydro.com/wp-content/uploads/2019/08/thumb_books_gardening_indoors_cuttings.gif,https://hmoonhydro.com/wp-content/uploads/2026/02/7259f990__thumb_books_gardening_indoors_cuttings.gif,,IMAGE_CHANGED
hmh00011,FloraBlend,variable,https://hmoonhydro.com/wp-content/uploads/2019/09/FloraBlend-qt.jpg,https://hmoonhydro.com/wp-content/uploads/2026/02/General-Hydroponics_product_FloraBlend-new-quart-1600x1600-1.png,,IMAGE_CHANGED
hmh00013,FloraBlend 2.5,variable,https://hmoonhydro.com/wp-content/uploads/2019/08/florablend.jpg,https://hmoonhydro.com/wp-content/uploads/2026/02/d87d89e2__florablend.jpg,,IMAGE_CHANGED
hmh00014,FloraBlend 6,variable,https://hmoonhydro.com/wp-content/uploads/2019/08/florablend.jpg,https://hmoonhydro.com/wp-content/uploads/2026/02/d87d89e2__florablend.jpg,,IMAGE_CHANGED
hmh00016,Flora Series,simple,https://hmoonhydro.com/wp-content/uploads/2019/08/FloraSeries.jpg,https://hmoonhydro.com/wp-content/uploads/2026/02/84edb4f2__FloraSeries.jpg,,IMAGE_CHANGED
hmh00017,FloraNova Series,simple,https://hmoonhydro.com/wp-content/uploads/2019/08/FloraNovaSeries.jpg,https://hmoonhydro.com/wp-content/uploads/2026/02/a83aa8b4__FloraNovaSeries.jpg,,IMAGE_CHANGED
hmh00018,Maxi Series,simple,https://hmoonhydro.com/wp-content/uploads/2019/08/MaxiSeries.jpg,https://hmoonhydro.com/wp-content/uploads/2026/02/c836d291__MaxiSeries.jpg,,IMAGE_CHANGED
hmh00026,FloraDuo Complete,simple,https://hmoonhydro.com/wp-content/uploads/2019/08/flora-duo.jpg,https://hmoonhydro.com/wp-content/uploads/2026/02/7a6a0bb4__flora-duo.jpg,,IMAGE_CHANGED
hmh00027,Floralicious Series,simple,https://hmoonhydro.com/wp-content/uploads/2019/08/Floralicious.jpg,https://hmoonhydro.com/wp-content/uploads/2026/02/f5af46a6__Floralicious.jpg,,IMAGE_CHANGED
hmh00033,Liquid KoolBloom™ 0 - 10 - 10,simple,https://hmoonhydro.com/wp-content/uploads/2019/08/Liquid_KoolBloom.jpg,https://hmoonhydro.com/wp-content/uploads/2026/02/cb0afb5a__Liquid_KoolBloom.jpg,,IMAGE_CHANGED
hmh00036,SubCulture B 200gm. Bag,simple,https://hmoonhydro.com/wp-content/uploads/2019/08/SubCulture_F-Right_Foil.jpg,https://hmoonhydro.com/wp-content/uploads/2026/02/fa774e47__SubCulture_F-Right_Foil.jpg,,IMAGE_CHANGED
hmh00040,B'Cuzz BIO-NRG Flavor,simple,https://hmoonhydro.com/wp-content/uploads/2019/08/nrg_flavor.jpg,https://hmoonhydro.com/wp-content/uploads/2026/02/a319abe0__nrg_flavor.jpg,,IMAGE_CHANGED
hmh00043,B'Cuzz PK 13/14,variable,https://hmoonhydro.com/wp-content/uploads/2019/08/pk1314.jpg,https://hmoonhydro.com/wp-content/uploads/2026/02/b36f654b__bcuzz-booster-pack.jpg,,IMAGE_CHANGED
hmh00052,Better Bloom 12-34-12,variable,https://hmoonhydro.com/wp-content/uploads/2019/08/Better-Bloom-2kg_001.jpg,https://hmoonhydro.com/wp-content/uploads/2019/08/betterbloom.jpg,,IMAGE_CHANGED
hmh00053,Jungle Green 17-15-17,simple,https://hmoonhydro.com/wp-content/uploads/2019/08/Jungle-Green-2kg_001.jpg,https://hmoonhydro.com/wp-content/uploads/2026/02/c083ebed__Jungle-Green-2kg_001.jpg,,IMAGE_CHANGED
hmh00060,Prop-O-Gator Plant Food,simple,https://hmoonhydro.com/wp-content/uploads/2019/08/Propogator.jpg,https://hmoonhydro.com/wp-content/uploads/2026/02/a513ef32__Propogator.jpg,,IMAGE_CHANGED
hmh00068,Humboldt Grow 2-1-6,simple,https://hmoonhydro.com/wp-content/uploads/2019/08/humboldt_grow.jpg,https://hmoonhydro.com/wp-content/uploads/2026/02/9f5ba5ad__humboldt_grow.jpg,,IMAGE_CHANGED
hmh00069,Humboldt Micro 5-0-1,simple,https://hmoonhydro.com/wp-content/uploads/2019/08/humboldt_micro.jpg,https://hmoonhydro.com/wp-content/uploads/2026/02/30bbb556__humboldt_micro.jpg,,IMAGE_CHANGED
hmh00070,Humboldt Bloom 0-6-5,variable,https://hmoonhydro.com/wp-content/uploads/2019/08/humboldt_bloom.jpg,https://hmoonhydro.com/wp-content/uploads/2026/02/c226d933__humboldt_bloom.jpg,,IMAGE_CHANGED
hmh00076,DueceDuece,simple,https://hmoonhydro.com/wp-content/uploads/2019/08/duece_duece.jpg,https://hmoonhydro.com/wp-content/uploads/2026/02/fbe07095__duece_duece.jpg,,IMAGE_CHANGED
hmh00093,Humboldt Honey ES,variable,https://hmoonhydro.com/wp-content/uploads/2019/08/humboldt_honey_es.jpg,https://hmoonhydro.com/wp-content/uploads/2026/02/49752464__humboldt_honey_es.jpg,,IMAGE_CHANGED
hmh00094,Humboldt Roots,simple,https://hmoonhydro.com/wp-content/uploads/2019/08/humboldt_roots.jpg,https://hmoonhydro.com/wp-content/uploads/2026/02/2f046ca5__humboldt_roots.jpg,,IMAGE_CHANGED
hmh00096,Humboldt Sticky Foliar Feed,simple,https://hmoonhydro.com/wp-content/uploads/2019/08/humboldt_sticky.jpg,https://hmoonhydro.com/wp-content/uploads/2026/02/fe096596__humboldt_sticky.jpg,,IMAGE_CHANGED
hmh00099,All-Purpose feeder packs.- 20 ct,simple,https://hmoonhydro.com/wp-content/uploads/2019/08/xtreme_all-purpose.jpg,https://hmoonhydro.com/wp-content/uploads/2026/02/060603a6__xtreme_all-purpose.jpg,,IMAGE_CHANGED
hmh00101,Mykos - Mycorrhizal Inoculant Granular,simple,https://hmoonhydro.com/wp-content/uploads/2019/08/xtreme_mykos.jpg,https://hmoonhydro.com/wp-content/uploads/2026/02/ffa32cb2__xtreme_mykos.jpg,,IMAGE_CHANGED
hmh00104,CalCarb Calcium Carbonate Foliar Spray,simple,https://hmoonhydro.com/wp-content/uploads/2019/08/xtreme_calcarb.jpg,https://hmoonhydro.com/wp-content/uploads/2026/02/4a586b88__xtreme_calcarb.jpg,,IMAGE_CHANGED
hmh00118,BASIC Magnetic Ballast,simple,https://hmoonhydro.com/wp-content/uploads/2019/08/BAL-1000VLG-2-outlets.jpg,https://hmoonhydro.com/wp-content/uploads/2026/02/215a69c4__BAL-1000VLG-2-outlets.jpg,,IMAGE_CHANGED
hmh00150,Doktor Doom Fogger,simple,https://hmoonhydro.com/wp-content/uploads/2019/08/doctor_doom-fogger.jpg,https://hmoonhydro.com/wp-content/uploads/2026/02/0229bb7f__doctor_doom-fogger.jpg,,IMAGE_CHANGED
hmh00158,Safer Garden Fungicide 32oz RTU Spray,simple,https://hmoonhydro.com/wp-content/uploads/2019/09/024654554504.jpg||https://hmoonhydro.com/wp-content/uploads/2019/09/safer-brand-organic-disease-control-5450-6-c3_1000.jpg,"https://hmoonhydro.com/wp-content/uploads/2026/02/585d1685__safer-brand-organic-disease-control-5450-6-c3_1000.jpg, https://hmoonhydro.com/wp-content/uploads/2019/09/safer-brand-organic-disease-control-5450-6-c3_1000.jpg",,IMAGE_CHANGED
hmh00159,Block-IR Infra-Red Barrier,simple,https://hmoonhydro.com/wp-content/uploads/2019/08/block-ir.jpg,https://hmoonhydro.com/wp-content/uploads/2026/02/2cb3bf9a__block-ir.jpg,,IMAGE_CHANGED
hmh00160,BioThrive Grow 1,variable,https://hmoonhydro.com/wp-content/uploads/2019/08/biothrive.jpg,https://hmoonhydro.com/wp-content/uploads/2026/02/e598e768__biothrive.jpg,,IMAGE_CHANGED
hmh00162,BioThrive Grow 2.5,simple,https://hmoonhydro.com/wp-content/uploads/2019/08/biothrive.jpg,https://hmoonhydro.com/wp-content/uploads/2026/02/e598e768__biothrive.jpg,,IMAGE_CHANGED
hmh00163,BioThrive Bloom 1,variable,https://hmoonhydro.com/wp-content/uploads/2019/08/biothrive.jpg,https://hmoonhydro.com/wp-content/uploads/2026/02/e598e768__biothrive.jpg,,IMAGE_CHANGED
hmh00190,FloraNova Bloom 1,variable,https://hmoonhydro.com/wp-content/uploads/2019/08/FNovaBloom.jpg,https://hmoonhydro.com/wp-content/uploads/2026/02/56d280f3__Better-Bloom-2kg_001.jpg,,IMAGE_CHANGED
hmh00192,FloraNova Bloom 2.5,variable,https://hmoonhydro.com/wp-content/uploads/2019/08/FNovaBloom.jpg,https://hmoonhydro.com/wp-content/uploads/2026/02/56d280f3__Better-Bloom-2kg_001.jpg,,IMAGE_CHANGED
hmh00195,MaxiGro 50,simple,https://hmoonhydro.com/wp-content/uploads/2019/08/MaxiGro.jpg,https://hmoonhydro.com/wp-content/uploads/2026/02/9c5e7d30__MaxiGro.jpg,,IMAGE_CHANGED
hmh00198,MaxiBloom 50,simple,https://hmoonhydro.com/wp-content/uploads/2019/08/MaxiBloom.jpg,https://hmoonhydro.com/wp-content/uploads/2026/02/8a07eaf5__MaxiBloom.jpg,,IMAGE_CHANGED
hmh00223,FloraNectar FruitnFusion 1,variable,https://hmoonhydro.com/wp-content/uploads/2019/08/FloraNectar.jpg,https://hmoonhydro.com/wp-content/uploads/2026/02/48365426__FloraNectar.jpg,,IMAGE_CHANGED
hmh00232,FloraKleen 1,simple,https://hmoonhydro.com/wp-content/uploads/2019/08/FloraKleen.jpg,https://hmoonhydro.com/wp-content/uploads/2026/02/02cbef10__FloraKleen.jpg,,IMAGE_CHANGED
hmh00233,FloraKleen 2.5,simple,https://hmoonhydro.com/wp-content/uploads/2019/08/FloraKleen.jpg,https://hmoonhydro.com/wp-content/uploads/2026/02/02cbef10__FloraKleen.jpg,,IMAGE_CHANGED
hmh00234,FloraKleen 6,simple,https://hmoonhydro.com/wp-content/uploads/2019/08/FloraKleen.jpg,https://hmoonhydro.com/wp-content/uploads/2026/02/02cbef10__FloraKleen.jpg,,IMAGE_CHANGED
hmh00235,KoolBloom 4,variable,https://hmoonhydro.com/wp-content/uploads/2019/08/KoolBloom_L.jpg,https://hmoonhydro.com/wp-content/uploads/2026/02/5b08dbb0__KoolBloom_L.jpg,,IMAGE_CHANGED
hmh00236,KoolBloom 2.2,variable,https://hmoonhydro.com/wp-content/uploads/2019/08/KoolBloom_L.jpg,https://hmoonhydro.com/wp-content/uploads/2026/02/5b08dbb0__KoolBloom_L.jpg,,IMAGE_CHANGED
hmh00237,KoolBloom 16,variable,https://hmoonhydro.com/wp-content/uploads/2019/08/KoolBloom_L.jpg,https://hmoonhydro.com/wp-content/uploads/2026/02/5b08dbb0__KoolBloom_L.jpg,,IMAGE_CHANGED
hmh00238,Liquid KoolBloom 1,variable,https://hmoonhydro.com/wp-content/uploads/2019/08/Liquid_KoolBloom.jpg,https://hmoonhydro.com/wp-content/uploads/2026/02/cb0afb5a__Liquid_KoolBloom.jpg,,IMAGE_CHANGED
hmh00239,Liquid KoolBloom 2.5,variable,https://hmoonhydro.com/wp-content/uploads/2019/08/Liquid_KoolBloom.jpg,https://hmoonhydro.com/wp-content/uploads/2026/02/cb0afb5a__Liquid_KoolBloom.jpg,,IMAGE_CHANGED
hmh00240,Liquid KoolBloom 6,variable,https://hmoonhydro.com/wp-content/uploads/2019/08/Liquid_KoolBloom.jpg,https://hmoonhydro.com/wp-content/uploads/2026/02/cb0afb5a__Liquid_KoolBloom.jpg,,IMAGE_CHANGED
hmh00245,BioBud 1,variable,https://hmoonhydro.com/wp-content/uploads/2019/08/biobud.jpg,https://hmoonhydro.com/wp-content/uploads/2026/02/54e40054__bio-bud-gh.jpg,,IMAGE_CHANGED
hmh00247,BioMarine 1,variable,https://hmoonhydro.com/wp-content/uploads/2019/08/biomarine.jpg,https://hmoonhydro.com/wp-content/uploads/2026/02/e32a8a85__biomarine.jpg,,IMAGE_CHANGED
hmh00251,BioWeed 1,variable,https://hmoonhydro.com/wp-content/uploads/2019/08/bio-weed.jpg,https://hmoonhydro.com/wp-content/uploads/2026/02/03c73b3a__bio-weed.jpg,,IMAGE_CHANGED
hmh00253,CaMg+ 1,variable,https://hmoonhydro.com/wp-content/uploads/2019/08/camg.jpg,https://hmoonhydro.com/wp-content/uploads/2019/09/camg__1.jpg,,IMAGE_CHANGED
hmh00282,B'Cuzz Root Stimulator - 12,simple,https://hmoonhydro.com/wp-content/uploads/2019/08/root.jpg,https://hmoonhydro.com/wp-content/uploads/2026/02/f99f452f__root.jpg,,IMAGE_CHANGED
hmh00283,B'Cuzz Root Stimulator - 1,variable,https://hmoonhydro.com/wp-content/uploads/2019/08/root.jpg,https://hmoonhydro.com/wp-content/uploads/2026/02/f99f452f__root.jpg,,IMAGE_CHANGED
hmh00308,Royal Gold,variable,https://hmoonhydro.com/wp-content/uploads/2019/08/royal_gold.jpg,https://hmoonhydro.com/wp-content/uploads/2019/08/Royal-Gold.jpg,,IMAGE_CHANGED
hmh00310,Yield Up 9-47-9 500 gm,simple,https://hmoonhydro.com/wp-content/uploads/2019/08/yieldup.jpg,https://hmoonhydro.com/wp-content/uploads/2026/02/c2f27207__yieldup.jpg,,IMAGE_CHANGED
hmh00313,Bud Boom 130gm,simple,https://hmoonhydro.com/wp-content/uploads/2019/08/bud_boom.jpg,https://hmoonhydro.com/wp-content/uploads/2026/02/33082cbe__bud_boom.jpg,,IMAGE_CHANGED
hmh00314,Bud Boom 500gm,simple,https://hmoonhydro.com/wp-content/uploads/2019/08/bud_boom.jpg,https://hmoonhydro.com/wp-content/uploads/2026/02/33082cbe__bud_boom.jpg,,IMAGE_CHANGED
hmh00315,Bud Boom 1kg,simple,https://hmoonhydro.com/wp-content/uploads/2019/08/bud_boom.jpg,https://hmoonhydro.com/wp-content/uploads/2026/02/33082cbe__bud_boom.jpg,,IMAGE_CHANGED
hmh00316,Bud Start 20 gm,simple,https://hmoonhydro.com/wp-content/uploads/2019/08/budstart.jpg,https://hmoonhydro.com/wp-content/uploads/2026/02/8365a6d5__budstart.jpg,,IMAGE_CHANGED
hmh00317,Bud Start 100 gm,simple,https://hmoonhydro.com/wp-content/uploads/2019/08/budstart.jpg,https://hmoonhydro.com/wp-content/uploads/2026/02/8365a6d5__budstart.jpg,,IMAGE_CHANGED
hmh00319,Carbo blast 650 gm,simple,https://hmoonhydro.com/wp-content/uploads/2019/08/carboblast.jpg,https://hmoonhydro.com/wp-content/uploads/2026/02/d299c2bf__carboblast.jpg,,IMAGE_CHANGED
hmh00329,Double Super B+,variable,https://hmoonhydro.com/wp-content/uploads/2019/08/super_b_extra_strength.jpg,https://hmoonhydro.com/wp-content/uploads/2026/02/942783a8__Double-dPapillon-630w.jpg,,IMAGE_CHANGED
hmh00341,Humboldt Grow 1,variable,https://hmoonhydro.com/wp-content/uploads/2019/08/humboldt_grow.jpg,https://hmoonhydro.com/wp-content/uploads/2026/02/9f5ba5ad__humboldt_grow.jpg,,IMAGE_CHANGED
hmh00343,Humboldt Grow 2.5,variable,https://hmoonhydro.com/wp-content/uploads/2019/08/humboldt_grow.jpg,https://hmoonhydro.com/wp-content/uploads/2026/02/9f5ba5ad__humboldt_grow.jpg,,IMAGE_CHANGED
hmh00344,Humboldt Grow 5,variable,https://hmoonhydro.com/wp-content/uploads/2019/08/humboldt_grow.jpg,https://hmoonhydro.com/wp-content/uploads/2026/02/9f5ba5ad__humboldt_grow.jpg,,IMAGE_CHANGED
hmh00345,Humboldt Micro 1,variable,https://hmoonhydro.com/wp-content/uploads/2019/08/humboldt_micro.jpg,https://hmoonhydro.com/wp-content/uploads/2026/02/30bbb556__humboldt_micro.jpg,,IMAGE_CHANGED
hmh00348,Humboldt Micro 2.5,variable,https://hmoonhydro.com/wp-content/uploads/2019/08/humboldt_micro.jpg,https://hmoonhydro.com/wp-content/uploads/2026/02/30bbb556__humboldt_micro.jpg,,IMAGE_CHANGED
hmh00349,Humboldt Micro 5,variable,https://hmoonhydro.com/wp-content/uploads/2019/08/humboldt_micro.jpg,https://hmoonhydro.com/wp-content/uploads/2026/02/30bbb556__humboldt_micro.jpg,,IMAGE_CHANGED
hmh00350,Humboldt Bloom 1,variable,https://hmoonhydro.com/wp-content/uploads/2019/08/humboldt_bloom.jpg,https://hmoonhydro.com/wp-content/uploads/2026/02/c226d933__humboldt_bloom.jpg,,IMAGE_CHANGED
hmh00352,Humboldt Bloom 2.5,variable,https://hmoonhydro.com/wp-content/uploads/2019/08/humboldt_bloom.jpg,https://hmoonhydro.com/wp-content/uploads/2026/02/c226d933__humboldt_bloom.jpg,,IMAGE_CHANGED
hmh00353,Humboldt Bloom 5,variable,https://hmoonhydro.com/wp-content/uploads/2019/08/humboldt_bloom.jpg,https://hmoonhydro.com/wp-content/uploads/2026/02/c226d933__humboldt_bloom.jpg,,IMAGE_CHANGED
hmh00356,Humboldt Big Up Powder 5 lbs,simple,https://hmoonhydro.com/wp-content/uploads/2019/08/humboldt_bigup.jpg,https://hmoonhydro.com/wp-content/uploads/2026/02/2b78ae0a__humboldt_bigup.jpg,,IMAGE_CHANGED
hmh00357,Humboldt Big Up Powder 10 lbs,simple,https://hmoonhydro.com/wp-content/uploads/2019/08/humboldt_bigup.jpg,https://hmoonhydro.com/wp-content/uploads/2026/02/2b78ae0a__humboldt_bigup.jpg,,IMAGE_CHANGED
hmh00358,Humboldt Sea Cal 1,variable,https://hmoonhydro.com/wp-content/uploads/2019/08/humboldt_sea-cal.jpg,https://hmoonhydro.com/wp-content/uploads/2026/02/716964e6__humboldt_sea-cal.jpg,,IMAGE_CHANGED
hmh00361,Humboldt Sea Mag 1,variable,https://hmoonhydro.com/wp-content/uploads/2019/08/humboldt_sea-mag.jpg,https://hmoonhydro.com/wp-content/uploads/2026/02/cacdacb4__humboldt_sea-mag.jpg,,IMAGE_CHANGED
hmh00364,Humboldt Master A 1,variable,https://hmoonhydro.com/wp-content/uploads/2019/08/humboldt_master_a.jpg,https://hmoonhydro.com/wp-content/uploads/2026/02/f563718e__humboldt_master_a.jpg,,IMAGE_CHANGED
hmh00366,Humboldt Master A 2.5,variable,https://hmoonhydro.com/wp-content/uploads/2019/08/humboldt_master_a.jpg,https://hmoonhydro.com/wp-content/uploads/2026/02/f563718e__humboldt_master_a.jpg,,IMAGE_CHANGED
hmh00367,Humboldt Master A 5,variable,https://hmoonhydro.com/wp-content/uploads/2019/08/humboldt_master_a.jpg,https://hmoonhydro.com/wp-content/uploads/2026/02/f563718e__humboldt_master_a.jpg,,IMAGE_CHANGED
hmh00368,Humboldt Master B 1,variable,https://hmoonhydro.com/wp-content/uploads/2019/08/humboldt_master_b.jpg,https://hmoonhydro.com/wp-content/uploads/2026/02/f563718e__humboldt_master_a.jpg,,IMAGE_CHANGED
hmh00370,Humboldt Master B 2.5,simple,https://hmoonhydro.com/wp-content/uploads/2019/08/humboldt_master_b.jpg,https://hmoonhydro.com/wp-content/uploads/2019/08/humboldt_master_a.jpg,,IMAGE_CHANGED
hmh00371,Humboldt Master B 5,simple,https://hmoonhydro.com/wp-content/uploads/2019/08/humboldt_master_b.jpg,https://hmoonhydro.com/wp-content/uploads/2019/08/humboldt_master_a.jpg,,IMAGE_CHANGED
hmh00372,Humboldt DueceDuece 1,variable,https://hmoonhydro.com/wp-content/uploads/2019/08/duece_duece.jpg,https://hmoonhydro.com/wp-content/uploads/2026/02/2b78ae0a__humboldt_bigup.jpg,,IMAGE_CHANGED
hmh00375,Humboldt Oneness 1,variable,https://hmoonhydro.com/wp-content/uploads/2019/08/oneness_small.jpg,https://hmoonhydro.com/wp-content/uploads/2026/02/2b78ae0a__humboldt_bigup.jpg,,IMAGE_CHANGED
hmh00377,Humboldt Oneness 2.5,variable,https://hmoonhydro.com/wp-content/uploads/2019/08/oneness_small.jpg,https://hmoonhydro.com/wp-content/uploads/2026/02/2b78ae0a__humboldt_bigup.jpg,,IMAGE_CHANGED
hmh00378,Humboldt Oneness 5,variable,https://hmoonhydro.com/wp-content/uploads/2019/08/oneness_small.jpg,https://hmoonhydro.com/wp-content/uploads/2026/02/2b78ae0a__humboldt_bigup.jpg,,IMAGE_CHANGED
hmh00379,Humboldt Oneness 15,variable,https://hmoonhydro.com/wp-content/uploads/2019/08/oneness_small.jpg,https://hmoonhydro.com/wp-content/uploads/2026/02/2b78ae0a__humboldt_bigup.jpg,,IMAGE_CHANGED
hmh00386,Equilibrium Natural 1,variable,https://hmoonhydro.com/wp-content/uploads/2019/08/equilibrium-natural.jpg,https://hmoonhydro.com/wp-content/uploads/2026/02/036a9ac4__equilibrium-natural.jpg,,IMAGE_CHANGED
hmh00402,Bloom Natural 1,variable,https://hmoonhydro.com/wp-content/uploads/2019/08/humboldt_bloom_natural.jpg,https://hmoonhydro.com/wp-content/uploads/2026/02/14de793d__humboldt_bloom_natural.jpg,,IMAGE_CHANGED
hmh00404,Bloom Natural 2.5,simple,https://hmoonhydro.com/wp-content/uploads/2019/08/humboldt_bloom_natural.jpg,https://hmoonhydro.com/wp-content/uploads/2026/02/14de793d__humboldt_bloom_natural.jpg,,IMAGE_CHANGED
hmh00405,Bloom Natural 5,simple,https://hmoonhydro.com/wp-content/uploads/2019/08/humboldt_bloom_natural.jpg,https://hmoonhydro.com/wp-content/uploads/2026/02/14de793d__humboldt_bloom_natural.jpg,,IMAGE_CHANGED
hmh00406,Bloom Natural 15,simple,https://hmoonhydro.com/wp-content/uploads/2019/08/humboldt_bloom_natural.jpg,https://hmoonhydro.com/wp-content/uploads/2026/02/14de793d__humboldt_bloom_natural.jpg,,IMAGE_CHANGED
hmh00416,Mayan Microzyme 4,simple,https://hmoonhydro.com/wp-content/uploads/2019/08/humboldt_mayan.jpg,https://hmoonhydro.com/wp-content/uploads/2026/02/24ec72b3__humboldt_mayan.jpg,,IMAGE_CHANGED
hmh00417,Mayan Microzyme 8,simple,https://hmoonhydro.com/wp-content/uploads/2019/08/humboldt_mayan.jpg,https://hmoonhydro.com/wp-content/uploads/2026/02/24ec72b3__humboldt_mayan.jpg,,IMAGE_CHANGED
hmh00418,Mayan Microzyme 16,simple,https://hmoonhydro.com/wp-content/uploads/2019/08/humboldt_mayan.jpg,https://hmoonhydro.com/wp-content/uploads/2026/02/24ec72b3__humboldt_mayan.jpg,,IMAGE_CHANGED
hmh00419,Mayan Microzyme1,variable,https://hmoonhydro.com/wp-content/uploads/2019/08/humboldt_mayan.jpg,https://hmoonhydro.com/wp-content/uploads/2026/02/24ec72b3__humboldt_mayan.jpg,,IMAGE_CHANGED
hmh00426,Myco Madness Soluble 5 lbs,simple,https://hmoonhydro.com/wp-content/uploads/2019/08/humboldt_myco_soluble.jpg,https://hmoonhydro.com/wp-content/uploads/2026/02/2a0ac017__humboldt_myco_soluble.jpg,,IMAGE_CHANGED
hmh00427,Myco Maximum Granular 8,simple,https://hmoonhydro.com/wp-content/uploads/2019/08/humboldt_myco_granular.jpg,https://hmoonhydro.com/wp-content/uploads/2026/02/7a6d884c__humboldt_myco_granular.jpg,,IMAGE_CHANGED
hmh00429,Myco Maximum Granular 5 lbs,simple,https://hmoonhydro.com/wp-content/uploads/2019/08/humboldt_myco_granular.jpg,https://hmoonhydro.com/wp-content/uploads/2026/02/7a6d884c__humboldt_myco_granular.jpg,,IMAGE_CHANGED
hmh00438,Humboldt Roots,variable,https://hmoonhydro.com/wp-content/uploads/2019/08/humboldt_roots.jpg,https://hmoonhydro.com/wp-content/uploads/2026/02/2f046ca5__humboldt_roots.jpg,,IMAGE_CHANGED
hmh00442,Humboldt Sticky Foliar Feed 16,simple,https://hmoonhydro.com/wp-content/uploads/2019/08/humboldt_sticky.jpg,https://hmoonhydro.com/wp-content/uploads/2026/02/fe096596__humboldt_sticky.jpg,,IMAGE_CHANGED
hmh00443,Humboldt Sticky Foliar Feed 1,simple,https://hmoonhydro.com/wp-content/uploads/2019/08/humboldt_sticky.jpg,https://hmoonhydro.com/wp-content/uploads/2026/02/fe096596__humboldt_sticky.jpg,,IMAGE_CHANGED
hmh00459,CalCarb Calcium Carbonate Foliar Spray 6,simple,https://hmoonhydro.com/wp-content/uploads/2019/08/xtreme_calcarb.jpg,https://hmoonhydro.com/wp-content/uploads/2026/02/4a586b88__xtreme_calcarb.jpg,,IMAGE_CHANGED
hmh00460,CalCarb Calcium Carbonate Foliar Spray 12,simple,https://hmoonhydro.com/wp-content/uploads/2019/08/xtreme_calcarb.jpg,https://hmoonhydro.com/wp-content/uploads/2026/02/4a586b88__xtreme_calcarb.jpg,,IMAGE_CHANGED
hmh00468,B'cuzZ Roxx Rooting Blocks,simple,https://hmoonhydro.com/wp-content/uploads/2019/08/bcuzz_blocks.jpg,https://hmoonhydro.com/wp-content/uploads/2026/02/95dd6201__bcuzz_blocks.jpg,,IMAGE_CHANGED
hmh00474,B'cuzZ Roxx Bimatrix Growing Slabs,simple,https://hmoonhydro.com/wp-content/uploads/2019/08/bcuzz_blocks.jpg,https://hmoonhydro.com/wp-content/uploads/2026/02/95dd6201__bcuzz_blocks.jpg,,IMAGE_CHANGED
hmh00475,B'cuzZ Roxx Bimatrix Growing Slab 36 x 6 x 3,simple,https://hmoonhydro.com/wp-content/uploads/2019/08/bcuzz_blocks.jpg,https://hmoonhydro.com/wp-content/uploads/2026/02/95dd6201__bcuzz_blocks.jpg,,IMAGE_CHANGED
hmh00491,4 ft laser Drilled Sprayline,simple,https://hmoonhydro.com/wp-content/uploads/2019/08/GH98004.jpg,"https://hmoonhydro.com/wp-content/uploads/2019/08/GH98004.jpg, https://hmoonhydro.com/wp-content/uploads/2019/08/GH98004.jpg",,IMAGE_CHANGED
hmh00504,WaterFarm Growing chamber - 2,simple,https://hmoonhydro.com/wp-content/uploads/2025/04/OIP-1.jpgwaterfarm-inner-1.jpg,"https://hmoonhydro.com/wp-content/uploads/2025/04/OIP-1.jpgwaterfarm-inner-1.jpg, https://hmoonhydro.com/wp-content/uploads/2025/04/OIP-1.jpgwaterfarm-inner-1.jpg",,IMAGE_CHANGED
hmh00507,Texas Controller 16 units,simple,https://hmoonhydro.com/wp-content/uploads/2025/04/GH4610_1.jpgtexas-controler.jpg,"https://hmoonhydro.com/wp-content/uploads/2025/04/GH4610_1.jpgtexas-controler.jpg, https://hmoonhydro.com/wp-content/uploads/2025/04/GH4610_1.jpgtexas-controler.jpg",,IMAGE_CHANGED
hmh00508,Ebb & Gro Monster System Controller,variable,https://hmoonhydro.com/wp-content/uploads/2019/09/Ebb-Gro-Monster-Controller-Module.jpg,https://hmoonhydro.com/wp-content/uploads/2026/02/be1bf53a__Ebb-Gro-Monster-Controller-Module-100x100_jpg.jpg,,IMAGE_CHANGED
hmh00547,Doktor Doom Total Fogger 5.5,simple,https://hmoonhydro.com/wp-content/uploads/2019/08/doctor_doom-fogger.jpg,https://hmoonhydro.com/wp-content/uploads/2026/02/0229bb7f__doctor_doom-fogger.jpg,,IMAGE_CHANGED
hmh00553,Plantacillin 1 liter,simple,https://hmoonhydro.com/wp-content/uploads/2019/08/plantacillin.jpg,https://hmoonhydro.com/wp-content/uploads/2026/02/06a8f41c__plantacillin.jpg,,IMAGE_CHANGED
hmh00555,Zero Tolerance <b>Pest Control</b> gal,simple,https://hmoonhydro.com/wp-content/uploads/2019/08/zero_tolerence.jpg,"https://hmoonhydro.com/wp-content/uploads/2019/08/zero_tolerence.jpg, https://hmoonhydro.com/wp-content/uploads/2019/08/zero_tolerence.jpg",,IMAGE_CHANGED
hmh00559,TimeMist Purge I - 3.2,simple,https://hmoonhydro.com/wp-content/uploads/2019/08/clear_air_purge1.jpg,https://hmoonhydro.com/wp-content/uploads/2026/02/6b262f49__timemist.jpg,,IMAGE_CHANGED
hmh00563,Garden Fungicide 32,simple,https://hmoonhydro.com/wp-content/uploads/2019/08/safer_garden_fungicide.jpg,https://hmoonhydro.com/wp-content/uploads/2026/02/e406b071__safer_garden_fungicide.jpg,,IMAGE_CHANGED
hmh00564,Garden Fungicide 1,simple,https://hmoonhydro.com/wp-content/uploads/2019/08/safer_garden_fungicide.jpg,https://hmoonhydro.com/wp-content/uploads/2026/02/e406b071__safer_garden_fungicide.jpg,,IMAGE_CHANGED
hmh00567,"2"" heavy duty neoprene collars (case of 200)",simple,https://hmoonhydro.com/wp-content/uploads/2019/09/51SjvyKjgTL._AC_.jpg||https://hmoonhydro.com/wp-content/uploads/2019/09/71reNVyN1BL._AC_SL1500_.jpg,"https://hmoonhydro.com/wp-content/uploads/2019/09/51SjvyKjgTL._AC_.jpg, https://hmoonhydro.com/wp-content/uploads/2019/09/71reNVyN1BL._AC_SL1500_.jpg",,IMAGE_CHANGED
hmh00571,Dual Diaphragm Air Pump,simple,https://hmoonhydro.com/wp-content/uploads/2019/08/pump_dual_diaphram.jpg,https://hmoonhydro.com/wp-content/uploads/2026/02/a0e40e13__pump_dual_diaphram.jpg,,IMAGE_CHANGED
hmh00573,Mag Drive Pumps,simple,https://hmoonhydro.com/wp-content/uploads/2019/08/mag_drive_pump.jpg,https://hmoonhydro.com/wp-content/uploads/2026/02/83d5a25f__mag_drive_pump.jpg,,IMAGE_CHANGED
hmh00583,Flowmaster - Meter 3/8 in,simple,https://hmoonhydro.com/wp-content/uploads/2019/08/flowmaster.jpg,https://hmoonhydro.com/wp-content/uploads/2026/02/82cb1c54__flowmaster.jpg,,IMAGE_CHANGED
hmh00595,Control Wizard Accurate pH3,simple,https://hmoonhydro.com/wp-content/uploads/2019/08/control_wizard_ph3.jpg,https://hmoonhydro.com/wp-content/uploads/2026/02/5bc805a9__control_wizard_ph3.jpg,,IMAGE_CHANGED
hmh00598,BADBOY HO Triphosphor Lamps,simple,https://hmoonhydro.com/wp-content/uploads/2019/09/badboy_bulbs.jpg||https://hmoonhydro.com/wp-content/uploads/2019/09/51wZPqJcqoL._SX425_.jpg||https://hmoonhydro.com/wp-content/uploads/2019/09/QT5-008-2.jpg,"https://hmoonhydro.com/wp-content/uploads/2019/09/51wZPqJcqoL._SX425_.jpg, https://hmoonhydro.com/wp-content/uploads/2019/09/QT5-008-2.jpg",,IMAGE_CHANGED
hmh00601,Plantmax SUPER High Pressure Sodium,simple,https://hmoonhydro.com/wp-content/uploads/2019/09/Plantmax-High-Pressure-Sodium-e1576439331190.jpg,https://hmoonhydro.com/wp-content/uploads/2026/02/3b61b93a__Plantmax-High-Pressure-Sodium-e1576439331190.jpg,,IMAGE_CHANGED
hmh00603,Plantmax MH Conversion (HPS Ballast),simple,https://hmoonhydro.com/wp-content/uploads/2019/09/plantmax-mh-conv-lamps_1.jpg,https://hmoonhydro.com/wp-content/uploads/2026/02/7d661ed4__plantmax-mh-conv-lamps_1.jpg,,IMAGE_CHANGED
hmh00608,ALL PHASE High Output Metal Halide Horticultural Lamp,simple,https://hmoonhydro.com/wp-content/uploads/2019/08/solarmax_gold_box.jpg,https://hmoonhydro.com/wp-content/uploads/2026/02/101d3a43__solarmax_gold_box.jpg,,IMAGE_CHANGED
hmh00611,Light Rail Accessories,simple,https://hmoonhydro.com/wp-content/uploads/2019/08/light_rail_access.jpg,https://hmoonhydro.com/wp-content/uploads/2026/02/e3596bc9__light_rail_access.jpg,,IMAGE_CHANGED
hmh00615,Bypass Hand Shears,simple,https://hmoonhydro.com/wp-content/uploads/2019/09/bypass-oxo-floral-scissors-snips.jpg,https://hmoonhydro.com/wp-content/uploads/2026/02/113442b4__bypass-oxo-floral-scissors-snips.jpg,,IMAGE_CHANGED
hmh00616,Grommets,simple,https://hmoonhydro.com/wp-content/uploads/2019/08/grommets.jpg,https://hmoonhydro.com/wp-content/uploads/2026/02/4f6c2d6b__grommets.jpg,,IMAGE_CHANGED
hmh00623,1/Barb Connectors,simple,https://hmoonhydro.com/wp-content/uploads/2019/08/barb_connectors.jpg,https://hmoonhydro.com/wp-content/uploads/2026/02/caf65dd1__barb_connectors.jpg,,IMAGE_CHANGED
hmh00625,Netpots,simple,https://hmoonhydro.com/wp-content/uploads/2019/08/netpots.jpg,https://hmoonhydro.com/wp-content/uploads/2026/02/2e16baed__netpots.jpg,,IMAGE_CHANGED
hmh00628,Plant Supports 50 in. retractable tension line (bag of 10),simple,https://hmoonhydro.com/wp-content/uploads/2019/08/retractable_supports.jpg,https://hmoonhydro.com/wp-content/uploads/2026/02/b3d47abb__retractable_supports.jpg,,IMAGE_CHANGED
hmh00639,Backdraft Dampers,simple,https://hmoonhydro.com/wp-content/uploads/2019/08/backdraft_dampers.jpg,https://hmoonhydro.com/wp-content/uploads/2026/02/e9dff368__backdraft_dampers.jpg,,IMAGE_CHANGED
hmh00646,Can Filters,simple,https://hmoonhydro.com/wp-content/uploads/2019/08/can-filters.jpg,https://hmoonhydro.com/wp-content/uploads/2026/02/e2711101__can-filters.jpg,,IMAGE_CHANGED
hmh00647,Can Filter Pre-Filters,simple,https://hmoonhydro.com/wp-content/uploads/2019/08/New38-Special-Prefilter-sho.jpg,https://hmoonhydro.com/wp-content/uploads/2026/02/2a822e47__New38-Special-Prefilter-sho.jpg,,IMAGE_CHANGED
hmh00648,Can Filter Flanges,simple,https://hmoonhydro.com/wp-content/uploads/2019/08/can-filters-flanges.jpg,https://hmoonhydro.com/wp-content/uploads/2026/02/9686694a__can-filters-flanges.jpg,,IMAGE_CHANGED
hmh00649,Ducting,simple,https://hmoonhydro.com/wp-content/uploads/2019/08/flex_duct.jpg,https://hmoonhydro.com/wp-content/uploads/2026/02/008b3963__flex_duct.jpg,,IMAGE_CHANGED
hmh00661,PROfilter reversible carbon filters,simple,https://hmoonhydro.com/wp-content/uploads/2019/08/profilter.jpg,https://hmoonhydro.com/wp-content/uploads/2026/02/137b59b5__profilter.jpg,,IMAGE_CHANGED
hmh00672,BioThrive Grow 6,simple,https://hmoonhydro.com/wp-content/uploads/2019/08/biothrive.jpg,https://hmoonhydro.com/wp-content/uploads/2026/02/e598e768__biothrive.jpg,,IMAGE_CHANGED
hmh00673,BioThrive Bloom 6,simple,https://hmoonhydro.com/wp-content/uploads/2019/08/biothrive.jpg,https://hmoonhydro.com/wp-content/uploads/2026/02/e598e768__biothrive.jpg,,IMAGE_CHANGED
hmh00674,BioBud 2.5,simple,https://hmoonhydro.com/wp-content/uploads/2019/08/biobud.jpg,https://hmoonhydro.com/wp-content/uploads/2026/02/85e7a8cb__biobud.jpg,,IMAGE_CHANGED
hmh00675,BioBud 6,simple,https://hmoonhydro.com/wp-content/uploads/2019/08/biobud.jpg,https://hmoonhydro.com/wp-content/uploads/2026/02/54e40054__bio-bud-gh.jpg,,IMAGE_CHANGED
hmh00676,BioMarine 2.5,simple,https://hmoonhydro.com/wp-content/uploads/2019/08/biomarine.jpg,https://hmoonhydro.com/wp-content/uploads/2026/02/e32a8a85__biomarine.jpg,,IMAGE_CHANGED
hmh00677,BioMarine 6,simple,https://hmoonhydro.com/wp-content/uploads/2019/08/biomarine.jpg,https://hmoonhydro.com/wp-content/uploads/2026/02/e32a8a85__biomarine.jpg,,IMAGE_CHANGED
hmh00678,BioRoot 2.5,simple,https://hmoonhydro.com/wp-content/uploads/2019/08/bioroot.jpg,https://hmoonhydro.com/wp-content/uploads/2026/02/fc5e26bc__bioroot.jpg,,IMAGE_CHANGED
hmh00679,BioRoot 6,simple,https://hmoonhydro.com/wp-content/uploads/2019/08/bioroot.jpg,https://hmoonhydro.com/wp-content/uploads/2026/02/fc5e26bc__bioroot.jpg,,IMAGE_CHANGED
hmh00680,BioWeed 2.5,simple,https://hmoonhydro.com/wp-content/uploads/2019/08/bio-weed.jpg,https://hmoonhydro.com/wp-content/uploads/2026/02/03c73b3a__bio-weed.jpg,,IMAGE_CHANGED
hmh00681,BioWeed 6,simple,https://hmoonhydro.com/wp-content/uploads/2019/08/bio-weed.jpg,https://hmoonhydro.com/wp-content/uploads/2026/02/03c73b3a__bio-weed.jpg,,IMAGE_CHANGED
hmh00682,CaMg+ 2.5,simple,https://hmoonhydro.com/wp-content/uploads/2019/08/camg.jpg,https://hmoonhydro.com/wp-content/uploads/2026/02/537e78b9__camg.jpg,,IMAGE_CHANGED
hmh00683,CaMg+ 6,simple,https://hmoonhydro.com/wp-content/uploads/2019/08/camg.jpg,https://hmoonhydro.com/wp-content/uploads/2026/02/799c9f4f__camg__1.jpg,,IMAGE_CHANGED
hmh00706,"CAN 50 Filter 16.5 OD, 19.high, 8 flange size, 420 CFM",variable,https://hmoonhydro.com/wp-content/uploads/2019/08/can-filters.jpg,https://hmoonhydro.com/wp-content/uploads/2026/02/e2711101__can-filters.jpg,,IMAGE_CHANGED
hmh00707,"CAN 66 Filter OD, 26 high, flange size, 412 CFM",variable,https://hmoonhydro.com/wp-content/uploads/2019/08/can-filters.jpg,https://hmoonhydro.com/wp-content/uploads/2026/02/e2711101__can-filters.jpg,,IMAGE_CHANGED
hmh00709,"CAN 100 Filter 16.5 OD, 39.high, flange size, 840 CFM",variable,https://hmoonhydro.com/wp-content/uploads/2019/08/can-filters.jpg,https://hmoonhydro.com/wp-content/uploads/2026/02/e2711101__can-filters.jpg,,IMAGE_CHANGED
hmh00724,CAN Filter Flange,variable,https://hmoonhydro.com/wp-content/uploads/2019/08/can-filters-flanges.jpg,https://hmoonhydro.com/wp-content/uploads/2026/02/9686694a__can-filters-flanges.jpg,,IMAGE_CHANGED
hmh00728,14 Can Filter Flange Max,simple,https://hmoonhydro.com/wp-content/uploads/2019/08/can-filters-flanges.jpg,https://hmoonhydro.com/wp-content/uploads/2026/02/9686694a__can-filters-flanges.jpg,,IMAGE_CHANGED
hmh00729,16 Can Filter Flange Max,simple,https://hmoonhydro.com/wp-content/uploads/2019/08/can-filters-flanges.jpg,https://hmoonhydro.com/wp-content/uploads/2026/02/9686694a__can-filters-flanges.jpg,,IMAGE_CHANGED
hmh00730,18 Can Filter Flange Max,simple,https://hmoonhydro.com/wp-content/uploads/2019/08/can-filters-flanges.jpg,https://hmoonhydro.com/wp-content/uploads/2026/02/9686694a__can-filters-flanges.jpg,,IMAGE_CHANGED
hmh00731,20 Can Filter Flange Max,simple,https://hmoonhydro.com/wp-content/uploads/2019/08/can-filters-flanges.jpg,https://hmoonhydro.com/wp-content/uploads/2026/02/9686694a__can-filters-flanges.jpg,,IMAGE_CHANGED
hmh00739,ProFilter Replacement Carbon,simple,https://hmoonhydro.com/wp-content/uploads/2019/08/profilter.jpg,https://hmoonhydro.com/wp-content/uploads/2026/02/137b59b5__profilter.jpg,,IMAGE_CHANGED
hmh00744,Pre-Filter for Model Pro 45s,simple,https://hmoonhydro.com/wp-content/uploads/2019/08/profilter.jpg,https://hmoonhydro.com/wp-content/uploads/2026/02/137b59b5__profilter.jpg,,IMAGE_CHANGED
hmh00745,Pre-Filter for Model Pro 50,simple,https://hmoonhydro.com/wp-content/uploads/2019/08/profilter.jpg,https://hmoonhydro.com/wp-content/uploads/2026/02/137b59b5__profilter.jpg,,IMAGE_CHANGED
hmh00746,Pre-Filter for Model Pro 70s,simple,https://hmoonhydro.com/wp-content/uploads/2019/08/profilter.jpg,https://hmoonhydro.com/wp-content/uploads/2026/02/137b59b5__profilter.jpg,,IMAGE_CHANGED
hmh00747,Pre-Filter for Model Pro 75,simple,https://hmoonhydro.com/wp-content/uploads/2019/08/profilter.jpg,https://hmoonhydro.com/wp-content/uploads/2026/02/137b59b5__profilter.jpg,,IMAGE_CHANGED
hmh00748,Pre-Filter for Model Pro 100,simple,https://hmoonhydro.com/wp-content/uploads/2019/08/profilter.jpg,https://hmoonhydro.com/wp-content/uploads/2026/02/137b59b5__profilter.jpg,,IMAGE_CHANGED
hmh00749,Pre-Filter for Model Pro 125,simple,https://hmoonhydro.com/wp-content/uploads/2019/08/profilter.jpg,https://hmoonhydro.com/wp-content/uploads/2026/02/137b59b5__profilter.jpg,,IMAGE_CHANGED
hmh00752,TRIMPRO replacement grate mixed,simple,https://hmoonhydro.com/wp-content/uploads/2019/08/trim-pro.jpg,https://hmoonhydro.com/wp-content/uploads/2026/02/234bb4f6__trim-pro.jpg,,IMAGE_CHANGED
hmh00753,TRIMPRO replacement grate original 1/4,simple,https://hmoonhydro.com/wp-content/uploads/2019/08/trim-pro.jpg,https://hmoonhydro.com/wp-content/uploads/2026/02/234bb4f6__trim-pro.jpg,,IMAGE_CHANGED
hmh00755,TRIMPRO Workstation grate mixed,simple,https://hmoonhydro.com/wp-content/uploads/2019/08/trim-pro-workstation.jpg,https://hmoonhydro.com/wp-content/uploads/2026/02/7fbfa772__trim-pro-workstation.jpg,,IMAGE_CHANGED
hmh00765,TRIMPRO ROTOR - grate size 1/4,simple,https://hmoonhydro.com/wp-content/uploads/2019/08/trim-pro-rotor.jpg,https://hmoonhydro.com/wp-content/uploads/2026/02/b33ebaaf__trim-pro-rotor.jpg,,IMAGE_CHANGED
hmh00766,TRIMPRO ROTOR Work Station w/ Rotor,simple,https://hmoonhydro.com/wp-content/uploads/2019/08/trim-pro-rotor.jpg,https://hmoonhydro.com/wp-content/uploads/2026/02/b33ebaaf__trim-pro-rotor.jpg,,IMAGE_CHANGED
hmh00768,TRIMPRO ROTOR Exit Chute,simple,https://hmoonhydro.com/wp-content/uploads/2019/08/trim-pro-rotor.jpg,https://hmoonhydro.com/wp-content/uploads/2026/02/b33ebaaf__trim-pro-rotor.jpg,,IMAGE_CHANGED
hmh00769,TRIMPRO ROTOR replacement motor,simple,https://hmoonhydro.com/wp-content/uploads/2019/08/trim-pro-rotor.jpg,https://hmoonhydro.com/wp-content/uploads/2026/02/b33ebaaf__trim-pro-rotor.jpg,,IMAGE_CHANGED
hmh00774,"Vortex 4 in., 172 cfm",simple,https://hmoonhydro.com/wp-content/uploads/2019/08/vortex_powerfans.jpg,https://hmoonhydro.com/wp-content/uploads/2026/02/aa7a86d2__vortex_powerfans.jpg,,IMAGE_CHANGED
hmh00775,"Vortex 6 in., 450 cfm",simple,https://hmoonhydro.com/wp-content/uploads/2019/08/vortex_powerfans.jpg,https://hmoonhydro.com/wp-content/uploads/2026/02/aa7a86d2__vortex_powerfans.jpg,,IMAGE_CHANGED
hmh00776,"Vortex 8 in., 747 cfm",simple,https://hmoonhydro.com/wp-content/uploads/2019/08/vortex_powerfans.jpg,https://hmoonhydro.com/wp-content/uploads/2026/02/aa7a86d2__vortex_powerfans.jpg,,IMAGE_CHANGED
hmh00777,"Vortex 12 in., 1140 cfm",simple,https://hmoonhydro.com/wp-content/uploads/2019/08/vortex_powerfans.jpg,https://hmoonhydro.com/wp-content/uploads/2026/02/aa7a86d2__vortex_powerfans.jpg,,IMAGE_CHANGED
hmh00778,"Vortex 12 in., 2050 cfm - V-Series",simple,https://hmoonhydro.com/wp-content/uploads/2019/08/vortex_powerfans.jpg,https://hmoonhydro.com/wp-content/uploads/2026/02/aa7a86d2__vortex_powerfans.jpg,,IMAGE_CHANGED
hmh00781,JetFan Blower 12 in. @1140 cfm,simple,https://hmoonhydro.com/wp-content/uploads/2019/08/jetfans.jpg,https://hmoonhydro.com/wp-content/uploads/2026/02/b785cb38__jetfans.jpg,,IMAGE_CHANGED
hmh00809,"14 Max-Fan, 1823 CFM",simple,https://hmoonhydro.com/wp-content/uploads/2019/08/max-fan.jpg,https://hmoonhydro.com/wp-content/uploads/2026/02/0b237d93__max-fan.jpg,,IMAGE_CHANGED
hmh00810,"16 Max-Fan, 2436 CFM",simple,https://hmoonhydro.com/wp-content/uploads/2019/08/max-fan.jpg,https://hmoonhydro.com/wp-content/uploads/2026/02/0b237d93__max-fan.jpg,,IMAGE_CHANGED
hmh00814,X 10 X 10 Y Connector,variable,https://hmoonhydro.com/wp-content/uploads/2019/08/y-duct.jpg,https://hmoonhydro.com/wp-content/uploads/2026/02/c8231fae__3_8-inch-Union-Connector-100x100_jpg.jpg,,IMAGE_CHANGED
hmh00821,"5 , 9 bag Kit w/x pressing screen",simple,https://hmoonhydro.com/wp-content/uploads/2019/08/guano_bags.jpg,https://hmoonhydro.com/wp-content/uploads/2026/02/1941f858__guano_bags.jpg,,IMAGE_CHANGED
hmh00822,1/Grommet (bag of 25),simple,https://hmoonhydro.com/wp-content/uploads/2019/08/grommets.jpg,https://hmoonhydro.com/wp-content/uploads/2026/02/4f6c2d6b__grommets.jpg,,IMAGE_CHANGED
hmh00823,1 Grommet (bag of 10),simple,https://hmoonhydro.com/wp-content/uploads/2019/08/grommets.jpg,https://hmoonhydro.com/wp-content/uploads/2026/02/4f6c2d6b__grommets.jpg,,IMAGE_CHANGED
hmh00824,1 1/Grommet (bag of 10),simple,https://hmoonhydro.com/wp-content/uploads/2019/08/grommets.jpg,https://hmoonhydro.com/wp-content/uploads/2026/02/4f6c2d6b__grommets.jpg,,IMAGE_CHANGED
hmh00827,1/2 in. Elbow Barbed (bag of 50),simple,https://hmoonhydro.com/wp-content/uploads/2019/08/barb_connectors.jpg,https://hmoonhydro.com/wp-content/uploads/2026/02/caf65dd1__barb_connectors.jpg,,IMAGE_CHANGED
hmh00828,1/2 in. Tee Barbed (bag of 50),simple,https://hmoonhydro.com/wp-content/uploads/2019/08/barb_connectors.jpg,https://hmoonhydro.com/wp-content/uploads/2026/02/caf65dd1__barb_connectors.jpg,,IMAGE_CHANGED
hmh00829,1/2 in. Straight Barbed (bag of 50),simple,https://hmoonhydro.com/wp-content/uploads/2019/08/barb_connectors.jpg,https://hmoonhydro.com/wp-content/uploads/2026/02/caf65dd1__barb_connectors.jpg,,IMAGE_CHANGED
hmh00830,5/shut-off barbed valve (bag of 10),simple,https://hmoonhydro.com/wp-content/uploads/2019/08/barb_connectors.jpg,https://hmoonhydro.com/wp-content/uploads/2026/02/caf65dd1__barb_connectors.jpg,,IMAGE_CHANGED
hmh00833,4.76 Bucket - No Handle,simple,https://hmoonhydro.com/wp-content/uploads/2019/08/bucket_baskets3.jpg,https://hmoonhydro.com/wp-content/uploads/2026/02/94a8f978__bucket_baskets3.jpg,,IMAGE_CHANGED
hmh00834,3.75 Mesh Basket,simple,https://hmoonhydro.com/wp-content/uploads/2019/08/bucket_baskets3.jpg,https://hmoonhydro.com/wp-content/uploads/2026/02/94a8f978__bucket_baskets3.jpg,,IMAGE_CHANGED
hmh00835,5 Mesh Basket,simple,https://hmoonhydro.com/wp-content/uploads/2019/08/bucket_baskets3.jpg,https://hmoonhydro.com/wp-content/uploads/2026/02/94a8f978__bucket_baskets3.jpg,,IMAGE_CHANGED
hmh00837,1/Fill & Drain Fitting (Bag of 10),simple,https://hmoonhydro.com/wp-content/uploads/2019/08/bucket_baskets3.jpg,https://hmoonhydro.com/wp-content/uploads/2026/02/94a8f978__bucket_baskets3.jpg,,IMAGE_CHANGED
hmh00838,Extension Fitting (bag of 10),simple,https://hmoonhydro.com/wp-content/uploads/2019/08/bucket_baskets3.jpg,https://hmoonhydro.com/wp-content/uploads/2026/02/94a8f978__bucket_baskets3.jpg,,IMAGE_CHANGED
hmh00842,3 in. Net-Pot (case of 100),simple,https://hmoonhydro.com/wp-content/uploads/2019/08/netpots.jpg,https://hmoonhydro.com/wp-content/uploads/2026/02/2e16baed__netpots.jpg,,IMAGE_CHANGED
hmh00843,6 in. Net-Pot (case of 50),simple,https://hmoonhydro.com/wp-content/uploads/2019/08/netpots.jpg,https://hmoonhydro.com/wp-content/uploads/2026/02/2e16baed__netpots.jpg,,IMAGE_CHANGED
hmh00852,Basic MH/HPS Switchable Ballast,simple,https://hmoonhydro.com/wp-content/uploads/2019/08/BAL-1000VLG-2-outlets.jpg,https://hmoonhydro.com/wp-content/uploads/2026/02/215a69c4__BAL-1000VLG-2-outlets.jpg,,IMAGE_CHANGED
hmh00856,"Pulse Start Metal Halide 7,000K for Vegative Growth",simple,https://hmoonhydro.com/wp-content/uploads/2019/08/plantmax_pulse.jpg,https://hmoonhydro.com/wp-content/uploads/2026/02/f9a802a5__plantmax_pulse.jpg,,IMAGE_CHANGED
hmh00857,"Pulse Start Metal Halide 3,000K for Flowering Growth",simple,https://hmoonhydro.com/wp-content/uploads/2019/08/plantmax_pulse.jpg,https://hmoonhydro.com/wp-content/uploads/2026/02/f9a802a5__plantmax_pulse.jpg,,IMAGE_CHANGED
hmh00868,"Plantmax . 72K MH High Output 32,000 lumens",simple,https://hmoonhydro.com/wp-content/uploads/2019/09/plantmax-mh-conv-lamps_1.jpg||https://hmoonhydro.com/wp-content/uploads/2019/08/plantmax_logo.jpg,https://hmoonhydro.com/wp-content/uploads/2019/08/plantmax_logo.jpg,,IMAGE_CHANGED
hmh00892,"SolarMax . MH Gold 36,000 Lumens",simple,https://hmoonhydro.com/wp-content/uploads/2019/08/solarmax_gold_box.jpg,https://hmoonhydro.com/wp-content/uploads/2026/02/101d3a43__solarmax_gold_box.jpg,,IMAGE_CHANGED
hmh00895,Light Rail 5 Crossbar Mounting Kit,simple,https://hmoonhydro.com/wp-content/uploads/2019/08/light_rail_5.jpg,https://hmoonhydro.com/wp-content/uploads/2026/02/492f7f2e__light_rail_5.jpg,,IMAGE_CHANGED
hmh00896,Light Rail 5 4ft auxilary rail,simple,https://hmoonhydro.com/wp-content/uploads/2019/08/light_rail_5.jpg,https://hmoonhydro.com/wp-content/uploads/2026/02/492f7f2e__light_rail_5.jpg,,IMAGE_CHANGED
hmh00906,Drive wheel O-ring Kit ( tension spring O-ring Nut Bolt),simple,https://hmoonhydro.com/wp-content/uploads/2019/08/light_rail_access.jpg,"https://hmoonhydro.com/wp-content/uploads/2026/02/e3596bc9__light_rail_access.jpg, https://hmoonhydro.com/wp-content/uploads/2019/08/light_rail_access.jpg",,IMAGE_CHANGED
hmh00907,Trolley wheel replacement kit,simple,https://hmoonhydro.com/wp-content/uploads/2019/08/light_rail_access.jpg,https://hmoonhydro.com/wp-content/uploads/2026/02/e3596bc9__light_rail_access.jpg,,IMAGE_CHANGED
hmh00909,Trolley Slave,simple,https://hmoonhydro.com/wp-content/uploads/2019/08/light_rail_access.jpg,"https://hmoonhydro.com/wp-content/uploads/2026/02/e3596bc9__light_rail_access.jpg, https://hmoonhydro.com/wp-content/uploads/2019/08/light_rail_access.jpg",,IMAGE_CHANGED
hmh00910,Add a Lamp Hardware Kit (Trolley and mounting hardware),simple,https://hmoonhydro.com/wp-content/uploads/2019/08/light_rail_access.jpg,"https://hmoonhydro.com/wp-content/uploads/2019/08/light_rail_access.jpg, https://hmoonhydro.com/wp-content/uploads/2019/08/light_rail_access.jpg",,IMAGE_CHANGED
hmh00911,Dual Diaphram Air Pump,simple,https://hmoonhydro.com/wp-content/uploads/2019/08/pump_dual_diaphram.jpg,https://hmoonhydro.com/wp-content/uploads/2026/02/a0e40e13__pump_dual_diaphram.jpg,,IMAGE_CHANGED
hmh00915,Mag Drive #2 Pump 250 gph,simple,https://hmoonhydro.com/wp-content/uploads/2019/08/mag_drive_pump.jpg,https://hmoonhydro.com/wp-content/uploads/2026/02/83d5a25f__mag_drive_pump.jpg,,IMAGE_CHANGED
hmh00916,Mag Drive #3 Pump 350 gph,simple,https://hmoonhydro.com/wp-content/uploads/2019/08/mag_drive_pump.jpg,https://hmoonhydro.com/wp-content/uploads/2026/02/83d5a25f__mag_drive_pump.jpg,,IMAGE_CHANGED
hmh00917,Mag Drive #7 Pump 700 gph,simple,https://hmoonhydro.com/wp-content/uploads/2019/08/mag_drive_pump.jpg,https://hmoonhydro.com/wp-content/uploads/2026/02/83d5a25f__mag_drive_pump.jpg,,IMAGE_CHANGED
hmh00921,Block-IR x 50' Roll,simple,https://hmoonhydro.com/wp-content/uploads/2019/08/block-ir.jpg,https://hmoonhydro.com/wp-content/uploads/2026/02/2cb3bf9a__block-ir.jpg,,IMAGE_CHANGED
hmh00949,UNION CONNECTOR 3/8 in,simple,https://hmoonhydro.com/wp-content/uploads/2019/09/3_8-inch-Union-Connector.jpg,https://hmoonhydro.com/wp-content/uploads/2026/02/78b0f327__3_8-inch-Union-Connector.jpg,,IMAGE_CHANGED
hmh00950,TWO WAY SPLITTER 3/8 in,simple,https://hmoonhydro.com/wp-content/uploads/2019/09/Two-Way-Splitter-3_8-inch.jpg,https://hmoonhydro.com/wp-content/uploads/2026/02/aeacbb44__Two-Way-Splitter-3_8-inch.jpg,,IMAGE_CHANGED
hmh00951,UNION CONNECTOR 1/4 in,simple,https://hmoonhydro.com/wp-content/uploads/2019/09/UNION-CONNECTOR-1_4-in.jpg,https://hmoonhydro.com/wp-content/uploads/2026/02/41bec636__UNION-CONNECTOR-1_4-in.jpg,,IMAGE_CHANGED
hmh00977,Control Wizard Accurate Handheld pH3 Meter,simple,https://hmoonhydro.com/wp-content/uploads/2019/08/control_wizard_ph3.jpg,https://hmoonhydro.com/wp-content/uploads/2026/02/5bc805a9__control_wizard_ph3.jpg,,IMAGE_CHANGED
hmh01005,Bud Blood Bloom Stimulator,simple,https://hmoonhydro.com/wp-content/uploads/2019/08/advancedBudBlood.jpg,https://hmoonhydro.com/wp-content/uploads/2026/02/b7df26ed__advancedBudBlood.jpg,,IMAGE_CHANGED
hmh01011,Mother Earth Organic Super Tea,simple,https://hmoonhydro.com/wp-content/uploads/2019/08/advancedMotherEarthTeaBloom.jpg,https://hmoonhydro.com/wp-content/uploads/2026/02/970d6493__advancedMotherEarthTeaBloom.jpg,,IMAGE_CHANGED
hmh01014,Piranha Beneficial Fungi,simple,https://hmoonhydro.com/wp-content/uploads/2019/08/piranha_bg.jpg,https://hmoonhydro.com/wp-content/uploads/2026/02/dc34c9dc__piranha_bg.jpg,,IMAGE_CHANGED
hmh01016,Sensi Grow Two-part,simple,https://hmoonhydro.com/wp-content/uploads/2019/08/SensiGrowA.jpg,https://hmoonhydro.com/wp-content/uploads/2026/02/d7cd91e7__SensiGrowA.jpg,,IMAGE_CHANGED
hmh01019,Ultra-premium Connoisseur,simple,https://hmoonhydro.com/wp-content/uploads/2019/08/advancedConnoisseurA.jpg,https://hmoonhydro.com/wp-content/uploads/2026/02/c2e834fe__advancedConnoisseurA.jpg,,IMAGE_CHANGED
hmh01020,VooDoo Juice Root Booster,simple,https://hmoonhydro.com/wp-content/uploads/2019/08/voodoo.jpg,https://hmoonhydro.com/wp-content/uploads/2026/02/209094fb__voodoo.jpg,,IMAGE_CHANGED
hmh01031,Bud Candy (1 lt),simple,https://hmoonhydro.com/wp-content/uploads/2019/08/advancedBudCandy.jpg,https://hmoonhydro.com/wp-content/uploads/2026/02/af4caa6a__advancedBudCandy.jpg,,IMAGE_CHANGED
hmh01032,Bud Candy (1 ),variable,https://hmoonhydro.com/wp-content/uploads/2019/08/advancedBudCandy.jpg,https://hmoonhydro.com/wp-content/uploads/2026/02/660787ef__bud_candy_bg.jpg,,IMAGE_CHANGED
hmh01033,Bud Candy (2.5 ),simple,https://hmoonhydro.com/wp-content/uploads/2019/08/advancedBudCandy.jpg,https://hmoonhydro.com/wp-content/uploads/2026/02/af4caa6a__advancedBudCandy.jpg,,IMAGE_CHANGED
hmh01036,CarboLoad (1 lt),simple,https://hmoonhydro.com/wp-content/uploads/2019/08/advancedCarboload.jpg,https://hmoonhydro.com/wp-content/uploads/2026/02/406f4820__advancedCarboload.jpg,,IMAGE_CHANGED
hmh01038,Final Phase (1 lt),simple,https://hmoonhydro.com/wp-content/uploads/2019/08/advancedFinalPhase.jpg,https://hmoonhydro.com/wp-content/uploads/2026/02/22578375__advancedFinalPhase.jpg,,IMAGE_CHANGED
hmh01039,Final Phase (1 ),simple,https://hmoonhydro.com/wp-content/uploads/2019/08/advancedFinalPhase.jpg,https://hmoonhydro.com/wp-content/uploads/2026/02/Advanced-Nutrients-Flawless-Finish-1L.png,,IMAGE_CHANGED
hmh01044,Nirvana (1 lt),simple,https://hmoonhydro.com/wp-content/uploads/2019/08/advancedNirvana.jpg,https://hmoonhydro.com/wp-content/uploads/2026/02/bbd90f85__advancedNirvana.jpg,,IMAGE_CHANGED
hmh01045,Nirvana (1 ),variable,https://hmoonhydro.com/wp-content/uploads/2019/08/advancedNirvana.jpg,https://hmoonhydro.com/wp-content/uploads/2026/02/Advanced-Nutrients-Nirvana-1L.png,,IMAGE_CHANGED
hmh01046,Overdrive (1 lt),simple,https://hmoonhydro.com/wp-content/uploads/2019/08/advancedOverdrive.jpg,https://hmoonhydro.com/wp-content/uploads/2026/02/0b9d0110__advancedOverdrive.jpg,,IMAGE_CHANGED
hmh01047,Overdrive (1 ),variable,https://hmoonhydro.com/wp-content/uploads/2019/08/advancedOverdrive.jpg,https://hmoonhydro.com/wp-content/uploads/2026/02/Advanced-Nutrients-Overdrive-1L.png,,IMAGE_CHANGED
hmh01048,Overdrive (2.5 ),variable,https://hmoonhydro.com/wp-content/uploads/2019/08/advancedOverdrive.jpg,https://hmoonhydro.com/wp-content/uploads/2026/02/Advanced-Nutrients-Overdrive-1L.png,,IMAGE_CHANGED
hmh01049,Piranha Beneficial Fungi,variable,https://hmoonhydro.com/wp-content/uploads/2019/08/AN_pirhana.jpg,https://hmoonhydro.com/wp-content/uploads/2026/02/dc34c9dc__piranha_bg.jpg,,IMAGE_CHANGED
hmh01054,Sensi Bloom part B,variable,https://hmoonhydro.com/wp-content/uploads/2019/08/SensiBloomA.jpg,https://hmoonhydro.com/wp-content/uploads/2026/02/930c533a__athena-logo-1-e1640122111771-100x42_png.png,,IMAGE_CHANGED
hmh01060,Sensizym (1 lt),simple,https://hmoonhydro.com/wp-content/uploads/2019/08/anSensiZym.jpg,https://hmoonhydro.com/wp-content/uploads/2026/02/41ed2429__anSensiZym.jpg,,IMAGE_CHANGED
hmh01061,Sensizym (1 ),simple,https://hmoonhydro.com/wp-content/uploads/2019/08/anSensiZym.jpg,https://hmoonhydro.com/wp-content/uploads/2026/02/a13bf5bb__sensizym_bg.jpg,,IMAGE_CHANGED
hmh01062,Sensizym (2.5 ),simple,https://hmoonhydro.com/wp-content/uploads/2019/08/anSensiZym.jpg,https://hmoonhydro.com/wp-content/uploads/2026/02/a13bf5bb__sensizym_bg.jpg,,IMAGE_CHANGED
hmh01065,Ultra-premium Connoisseur Part-A (1 lt),simple,https://hmoonhydro.com/wp-content/uploads/2019/08/advancedConnoisseurA.jpg,https://hmoonhydro.com/wp-content/uploads/2026/02/c2e834fe__advancedConnoisseurA.jpg,,IMAGE_CHANGED
hmh01067,Ultra-premium Connoisseur Part-B (1 lt),simple,https://hmoonhydro.com/wp-content/uploads/2019/08/advancedConnoisseurA.jpg,https://hmoonhydro.com/wp-content/uploads/2026/02/c2e834fe__advancedConnoisseurA.jpg,,IMAGE_CHANGED
hmh01103,SledgeHammer (1 ),simple,https://hmoonhydro.com/wp-content/uploads/2019/08/sledgehammer-package.png,https://hmoonhydro.com/wp-content/uploads/2026/02/9a3151e6__sledgehammer-package.png,,IMAGE_CHANGED
hmh01105,ONA Block Crystal 6oz,simple,https://hmoonhydro.com/wp-content/uploads/2019/08/ONA-Block-200.jpg,https://hmoonhydro.com/wp-content/uploads/2026/02/6f97bab2__ONA-Block-200.jpg,,IMAGE_CHANGED
hmh01106,ONA Pro Block 6oz,simple,https://hmoonhydro.com/wp-content/uploads/2019/08/ONA-Block-PRO.jpg,https://hmoonhydro.com/wp-content/uploads/2026/02/3e401254__ONA-Block-PRO.jpg,,IMAGE_CHANGED
hmh01108,ONA Liquid Polar Crystal (1 ),variable,https://hmoonhydro.com/wp-content/uploads/2019/08/ONA-Liquid-bottle-200.jpg,https://hmoonhydro.com/wp-content/uploads/2026/02/878bf1bf__ONA-Liquid-bottle-200.jpg,,IMAGE_CHANGED
hmh01112,ONA Gel Fresh Linen Bucket (5 ),variable,https://hmoonhydro.com/wp-content/uploads/2019/08/ONA-Gel-collage.jpg,https://hmoonhydro.com/wp-content/uploads/2026/02/f67bc3da__ona-1-liter-gel.jpg,,IMAGE_CHANGED
hmh01113,ONA Pro Gel (1 ),variable,https://hmoonhydro.com/wp-content/uploads/2019/08/ONA-Gel-collage.jpg,https://hmoonhydro.com/wp-content/uploads/2026/02/f67bc3da__ona-1-liter-gel.jpg,,IMAGE_CHANGED
hmh01115,ONA Pro Gel Bucket (5 ),variable,https://hmoonhydro.com/wp-content/uploads/2019/08/ONA-Gel-collage.jpg,https://hmoonhydro.com/wp-content/uploads/2026/02/f67bc3da__ona-1-liter-gel.jpg,,IMAGE_CHANGED
hmh01116,ONA Mist Dispenser,simple,https://hmoonhydro.com/wp-content/uploads/2019/08/onamist-with-disp.jpg,https://hmoonhydro.com/wp-content/uploads/2026/02/5039d61a__onamist-with-disp.jpg,,IMAGE_CHANGED
hmh01117,ONA Mist Fresh Linen Mist 6oz,simple,https://hmoonhydro.com/wp-content/uploads/2019/08/onamist-with-disp.jpg,https://hmoonhydro.com/wp-content/uploads/2026/02/5039d61a__onamist-with-disp.jpg,,IMAGE_CHANGED
hmh01118,ONA Mist Polar Crystal 6oz,simple,https://hmoonhydro.com/wp-content/uploads/2019/08/onamist-with-disp.jpg,https://hmoonhydro.com/wp-content/uploads/2026/02/5039d61a__onamist-with-disp.jpg,,IMAGE_CHANGED
hmh01148,FloraNectar Coconut 1,variable,https://hmoonhydro.com/wp-content/uploads/2019/08/FloraNectar.jpg,https://hmoonhydro.com/wp-content/uploads/2026/02/48365426__FloraNectar.jpg,,IMAGE_CHANGED
hmh01150,FloraNectar Coconut 2.5,variable,https://hmoonhydro.com/wp-content/uploads/2019/08/FloraNectar.jpg,https://hmoonhydro.com/wp-content/uploads/2026/02/48365426__FloraNectar.jpg,,IMAGE_CHANGED
hmh01155,CALiMAGic,variable,https://hmoonhydro.com/wp-content/uploads/2019/08/CALiMAGic.png,https://hmoonhydro.com/wp-content/uploads/2026/02/84411401__calimagic.jpg,,IMAGE_CHANGED
hmh01158,CALiMAGic 2.5,simple,https://hmoonhydro.com/wp-content/uploads/2019/08/CALiMAGic.png,https://hmoonhydro.com/wp-content/uploads/2026/02/79c798ce__CALiMAGic.png,,IMAGE_CHANGED
hmh01174,Hydroplex,variable,https://hmoonhydro.com/wp-content/uploads/2019/08/Hydroplex_GalB.png,https://hmoonhydro.com/wp-content/uploads/2026/02/c86a9bc6__Hydroplex_GalB.png,,IMAGE_CHANGED
hmh01178,AquaShield,variable,https://hmoonhydro.com/wp-content/uploads/2019/08/AquaShield_GalB.png,https://hmoonhydro.com/wp-content/uploads/2026/02/31940d27__AquaShield_GalB.png,,IMAGE_CHANGED
hmh01181,Clearex,variable,https://hmoonhydro.com/wp-content/uploads/2019/08/Clearex_GalB.png,https://hmoonhydro.com/wp-content/uploads/2026/02/3c566f71__Clearex_GalB.png,,IMAGE_CHANGED
hmh01183,Silica Blast,variable,https://hmoonhydro.com/wp-content/uploads/2019/08/SilicaBlast_GalB.png,https://hmoonhydro.com/wp-content/uploads/2026/02/72adef51__SilicaBlast_GalB.png,,IMAGE_CHANGED
hmh01186,Sunblaster Nanodome,simple,https://hmoonhydro.com/wp-content/uploads/2019/08/nanodome.jpg,https://hmoonhydro.com/wp-content/uploads/2026/02/e3aa368b__nanodome.jpg,,IMAGE_CHANGED
hmh01194,Mondi Mini Greenhouse and 7 Propagation Domes,variable,https://hmoonhydro.com/wp-content/uploads/2019/08/mondi-g100.jpg,https://hmoonhydro.com/wp-content/uploads/2026/02/6af9d62b__mini-greenhouse-kit3-1.jpg,,IMAGE_CHANGED
hmh01196,Mondi Mini Greenhouse Humidity Dome 7 with vents,simple,https://hmoonhydro.com/wp-content/uploads/2019/08/mondi-g100.jpg,https://hmoonhydro.com/wp-content/uploads/2026/02/efe2796c__mondi-g100.jpg,,IMAGE_CHANGED
hmh01205,PH Perfect Ultra-premium Connoisseur,simple,https://hmoonhydro.com/wp-content/uploads/2019/08/Connoisseur.jpg,https://hmoonhydro.com/wp-content/uploads/2026/02/2866bf0d__Connoisseur.jpg,,IMAGE_CHANGED
hmh01224,B'cuzZ Booster Pack,simple,https://hmoonhydro.com/wp-content/uploads/2019/08/bcuzz-booster-pack.jpg,https://hmoonhydro.com/wp-content/uploads/2026/02/b36f654b__bcuzz-booster-pack.jpg,,IMAGE_CHANGED
hmh01225,B'CuzZ CoCo Nutrients,simple,https://hmoonhydro.com/wp-content/uploads/2019/08/bcuzz-coco-a-b.jpg,https://hmoonhydro.com/wp-content/uploads/2026/02/dec8d147__bcuzz-coco-a-b.jpg,,IMAGE_CHANGED
hmh01232,Nutradip EC TDS PPM Meter,simple,https://hmoonhydro.com/wp-content/uploads/2019/08/nutradip-nutrient.jpg,https://hmoonhydro.com/wp-content/uploads/2026/02/bf459c81__nutradip-nutrient.jpg,,IMAGE_CHANGED
hmh01233,Nutradip pH Meter,simple,https://hmoonhydro.com/wp-content/uploads/2019/08/nutradip-ph.jpg,https://hmoonhydro.com/wp-content/uploads/2026/02/dbb983b1__nutradip-ph.jpg,,IMAGE_CHANGED
hmh01237,Xtreme Tea Brews 90 gm pack,simple,https://hmoonhydro.com/wp-content/uploads/2019/08/brewing-teas10.jpg,https://hmoonhydro.com/wp-content/uploads/2026/02/e197a0d9__brewing-teas10.jpg,,IMAGE_CHANGED
hmh01240,Can-Lite 14 w/ Flange attached (2200 cfm),simple,https://hmoonhydro.com/wp-content/uploads/2019/08/Can-Lite-Filters.jpg,https://hmoonhydro.com/wp-content/uploads/2026/02/af2b10f0__Can-Lite-Filters.jpg,,IMAGE_CHANGED
hmh01255,TRIMPRO UNPLUGGED,simple,https://hmoonhydro.com/wp-content/uploads/2019/08/TRIMPRO_UNPLUGGED.jpg,https://hmoonhydro.com/wp-content/uploads/2026/02/ffdf284c__TRIMPRO_UNPLUGGED.jpg,,IMAGE_CHANGED
hmh01260,EcoPlus Submersible Pumps,simple,https://hmoonhydro.com/wp-content/uploads/2019/08/ecoplus-pumpsICON.jpg,https://hmoonhydro.com/wp-content/uploads/2026/02/dcf60409__ecoplus-pumpsICON.jpg,,IMAGE_CHANGED
hmh01262,EcoPlus 264 GPH,simple,https://hmoonhydro.com/wp-content/uploads/2019/08/ecoplus-pumpsICON.jpg||https://hmoonhydro.com/wp-content/uploads/2019/08/EcoPlus-Water-Pump-Logo.jpg,"https://hmoonhydro.com/wp-content/uploads/2019/08/ecoplus-pumpsICON.jpg, https://hmoonhydro.com/wp-content/uploads/2019/08/EcoPlus-Water-Pump-Logo.jpg",,IMAGE_CHANGED
hmh01268,UNO Big Boy A/C Reflector,variable,https://hmoonhydro.com/wp-content/uploads/2019/08/RHX-HGXXX8air-cool-reflector-2.jpg||https://hmoonhydro.com/wp-content/uploads/2019/08/UNO8-in-pipper.jpg,"https://hmoonhydro.com/wp-content/uploads/2026/02/RHX-HGXXX8air-cool-reflector-2-1200x675-1.jpg, https://hmoonhydro.com/wp-content/uploads/2019/08/UNO8-in-pipper.jpg",,IMAGE_CHANGED
hmh01273,Safer End All 32oz RTU Spray,simple,https://hmoonhydro.com/wp-content/uploads/2019/08/12100.png,https://hmoonhydro.com/wp-content/uploads/2026/02/dad39a1b__12100.png,,IMAGE_CHANGED
hmh01318,UNO Grow Tents,simple,https://hmoonhydro.com/wp-content/uploads/2019/08/TENT-48X48X78inch.jpg,https://hmoonhydro.com/wp-content/uploads/2026/02/c9da39ef__TENT-48X48X78inch.jpg,,IMAGE_CHANGED
hmh01328,Q-Max Ultra Quiet Fans,simple,https://hmoonhydro.com/wp-content/uploads/2019/08/qmaxfan.jpg,https://hmoonhydro.com/wp-content/uploads/2026/02/3ec543fb__qmaxfan.jpg,,IMAGE_CHANGED
hmh01332,Long Term Storage Bags,simple,https://hmoonhydro.com/wp-content/uploads/2019/08/storagebag.jpg,https://hmoonhydro.com/wp-content/uploads/2026/02/be557efb__storagebag.jpg,,IMAGE_CHANGED
hmh01355,Clonex Clone Solution,simple,https://hmoonhydro.com/wp-content/uploads/2019/08/ClonexSolution-gal-and-qt.jpg,https://hmoonhydro.com/wp-content/uploads/2026/02/6757d4bd__ClonexSolution-gal-and-qt.jpg,,IMAGE_CHANGED
hmh01358,Hydrodyamics Clonex Mist,simple,https://hmoonhydro.com/wp-content/uploads/2019/08/ClonexSolution-Family.jpg,https://hmoonhydro.com/wp-content/uploads/2026/02/8a911eed__ClonexSolution-Family.jpg,,IMAGE_CHANGED
hmh01367,UNO XXL Piper,variable,https://hmoonhydro.com/wp-content/uploads/2019/08/UNO8-in-pipper11.jpg,https://hmoonhydro.com/wp-content/uploads/2019/08/UNO8-in-pipper.jpg,,IMAGE_CHANGED
hmh01377,UNO Brilliant Series,simple,https://hmoonhydro.com/wp-content/uploads/2019/08/uno-BHG6-Brilliant-series.jpg,https://hmoonhydro.com/wp-content/uploads/2026/02/1342104d__uno-BHG6-Brilliant-series.jpg,,IMAGE_CHANGED
hmh01424,Bud Ignitor,variable,https://hmoonhydro.com/wp-content/uploads/2019/08/bud_ignitor_bg.jpg,https://hmoonhydro.com/wp-content/uploads/2026/02/dc336a84__bud_ignitor_bg.jpg,,IMAGE_CHANGED
hmh01430,Atami RootBlastic,simple,https://hmoonhydro.com/wp-content/uploads/2019/08/RootbasticProducts-family.jpg,https://hmoonhydro.com/wp-content/uploads/2026/02/bcb8daf0__RootbasticProducts-family.jpg,,IMAGE_CHANGED
hmh01435,B1Cuss BlossomBuilder 946 ml,simple,https://hmoonhydro.com/wp-content/uploads/2019/08/Blossom-Builder-3-sizes-family-line-up.jpg,"https://hmoonhydro.com/wp-content/uploads/2019/08/Blossom-Builder-3-sizes-family-line-up.jpg, https://hmoonhydro.com/wp-content/uploads/2019/08/Blossom-Builder-3-sizes-family-line-up.jpg",,IMAGE_CHANGED
hmh01436,Universal T5HO Sunblaster Light Stand,simple,https://hmoonhydro.com/wp-content/uploads/2019/08/24-Inch-Stand-and-Plants.jpg,https://hmoonhydro.com/wp-content/uploads/2026/02/6e973d7c__24-Inch-Stand-and-Plants.jpg,,IMAGE_CHANGED
hmh01519,Hortilux-Blue Daylight Metal Halide Lamps,simple,https://hmoonhydro.com/wp-content/uploads/2019/08/hortilux-Metal-halide-blue-family.png,https://hmoonhydro.com/wp-content/uploads/2026/02/fe31796c__hortilux-Metal-halide-blue-family.png,,IMAGE_CHANGED
hmh01526,PK APATITE 2.5,variable,https://hmoonhydro.com/wp-content/uploads/2019/08/pk-print.jpg,"https://hmoonhydro.com/wp-content/uploads/2019/08/pk-print.jpg, https://hmoonhydro.com/wp-content/uploads/2019/08/pk-print.jpg",,IMAGE_CHANGED
hmh01529,Small 5 Replacement Bag,variable,https://hmoonhydro.com/wp-content/uploads/2019/09/Small-5-Gallon-Replacement-Bag.jpg||https://hmoonhydro.com/wp-content/uploads/2019/09/Small-5-Gallon-Replacement-Bag-3.jpg||https://hmoonhydro.com/wp-content/uploads/2019/09/Small-5-Gallon-Replacement-Bag-2.jpg,"https://hmoonhydro.com/wp-content/uploads/2026/02/a1538eb8__Small-5-Gallon-Replacement-Bag-100x100_jpg.jpg, https://hmoonhydro.com/wp-content/uploads/2019/09/Small-5-Gallon-Replacement-Bag-3.jpg, https://hmoonhydro.com/wp-content/uploads/2019/09/Small-5-Gallon-Replacement-Bag-2.jpg",,IMAGE_CHANGED
hmh01537,Black & White Panda Film (poly),simple,https://hmoonhydro.com/wp-content/uploads/2019/08/panda-film.jpg,https://hmoonhydro.com/wp-content/uploads/2026/02/347a07d3__panda-film.jpg,,IMAGE_CHANGED
hmh01538,Diamond Silver White Film,simple,https://hmoonhydro.com/wp-content/uploads/2019/08/diamond-silver-film-6.jpg,https://hmoonhydro.com/wp-content/uploads/2026/02/08b65e24__diamond-silver-film-6.jpg,,IMAGE_CHANGED
hmh01555,General Hydroponics® CocoTek® Grow - A 3 - 0 - 1 & B 1 - 2 - 4,simple,https://hmoonhydro.com/wp-content/uploads/2019/08/coco-grow-gall-A-B.jpg,https://hmoonhydro.com/wp-content/uploads/2026/02/General-Hydroponics-Vortex-Sprayer-for-Gardening-324x324.jpg.webp,,IMAGE_CHANGED
hmh01585,UNO-2 Speed in line Blower 440 cfm,simple,https://hmoonhydro.com/wp-content/uploads/2019/08/in-line-uno-blowers.jpg,"https://hmoonhydro.com/wp-content/uploads/2019/08/in-line-uno-blowers.jpg, https://hmoonhydro.com/wp-content/uploads/2019/08/in-line-uno-blowers.jpg",,IMAGE_CHANGED
hmh01586,UNO-2 Speed in line Blower 750 cfm,simple,https://hmoonhydro.com/wp-content/uploads/2019/09/Hurricane-Inline-Fan-4-in-171-CFM.jpg||https://hmoonhydro.com/wp-content/uploads/2019/09/hurricane-inline-fan-4-171cfm.jpg,https://hmoonhydro.com/wp-content/uploads/2019/09/hurricane-inline-fan-4-171cfm.jpg,,IMAGE_CHANGED
hmh01587,UNO-2 Speed in line Blower 845 cfm,simple,https://hmoonhydro.com/wp-content/uploads/2019/09/hurricane-inline-fan-4-171cfm.jpg,"https://hmoonhydro.com/wp-content/uploads/2019/09/hurricane-inline-fan-4-171cfm.jpg, https://hmoonhydro.com/wp-content/uploads/2019/09/hurricane-inline-fan-4-171cfm.jpg",,IMAGE_CHANGED
hmh01592,Dual Lamp Fixture,simple,https://hmoonhydro.com/wp-content/uploads/2019/08/dual-lamp-fixture.jpg,https://hmoonhydro.com/wp-content/uploads/2026/02/d54ec47f__dual-lamp-fixture.jpg,,IMAGE_CHANGED
hmh01601,HydroDynamics Ionic® Bloom 3-2-6 Premium Plant Nutrient,simple,https://hmoonhydro.com/wp-content/uploads/2019/08/ionic-bloom.jpg,https://hmoonhydro.com/wp-content/uploads/2026/02/1a85cd48__ionic-bloom.jpg,,IMAGE_CHANGED
hmh01611,HydroDynamics Ionic® PK Boost 0-5-6 Premium Plant Nutrient,simple,https://hmoonhydro.com/wp-content/uploads/2019/08/Ionic-PK-Boost-Family.jpg,https://hmoonhydro.com/wp-content/uploads/2026/02/cea1da9d__Ionic-PK-Boost-Family.jpg,,IMAGE_CHANGED
hmh01615,Hydrodynamics int. Coco/Soil Grow & Bloom,simple,https://hmoonhydro.com/wp-content/uploads/2019/08/soil-and-coco-grow-and-bloom.jpg,https://hmoonhydro.com/wp-content/uploads/2026/02/cb2c6176__soil-and-coco-grow-and-bloom.jpg,,IMAGE_CHANGED
hmh01624,Plagron Terra Bloom & Grow,simple,https://hmoonhydro.com/wp-content/uploads/2019/08/banner1-plagron.jpg,https://hmoonhydro.com/wp-content/uploads/2026/02/c4d25dc4__banner1-plagron.jpg,,IMAGE_CHANGED
hmh01633,E-Papillon 240V. W / Lamp,simple,https://hmoonhydro.com/wp-content/uploads/2019/08/e-papillon-600w.jpg,"https://hmoonhydro.com/wp-content/uploads/2019/08/e-papillon-600w.jpg, https://hmoonhydro.com/wp-content/uploads/2019/08/e-papillon-600w.jpg",,IMAGE_CHANGED
hmh01680,Plagron Power Roots,simple,https://hmoonhydro.com/wp-content/uploads/2019/08/power-roots_567x567px.jpg,https://hmoonhydro.com/wp-content/uploads/2026/02/c8cb1d6e__power-roots_567x567px.jpg,,IMAGE_CHANGED
hmh01683,Cocos A & B,simple,https://hmoonhydro.com/wp-content/uploads/2019/08/cocos-AB_567x567px.jpg,https://hmoonhydro.com/wp-content/uploads/2026/02/d5501487__cocos-AB_567x567px.jpg,,IMAGE_CHANGED
hmh01736,ReVolt Digital Dimming Ballast,simple,https://hmoonhydro.com/wp-content/uploads/2019/08/Revolt-family.jpg,"https://hmoonhydro.com/wp-content/uploads/2019/08/Revolt-family.jpg, https://hmoonhydro.com/wp-content/uploads/2019/08/Revolt-family.jpg",,IMAGE_CHANGED
hmh01745,Hydrodyamics Clonex Mist 300Ml,simple,https://hmoonhydro.com/wp-content/uploads/2019/08/ClonexSolution-Family.jpg,https://hmoonhydro.com/wp-content/uploads/2026/02/8a911eed__ClonexSolution-Family.jpg,,IMAGE_CHANGED
hmh01746,Clonex mist 750ml RTU,simple,https://hmoonhydro.com/wp-content/uploads/2019/08/ClonexSolution-Family.jpg,"https://hmoonhydro.com/wp-content/uploads/2019/08/ClonexSolution-Family.jpg, https://hmoonhydro.com/wp-content/uploads/2019/08/ClonexSolution-Family.jpg",,IMAGE_CHANGED
hmh01783,10ft. lamp Extention Power cord,simple,https://hmoonhydro.com/wp-content/uploads/2019/08/lamp-cord-black.psd-10-ft-power-exteded.jpg,https://hmoonhydro.com/wp-content/uploads/2026/02/8e0d64a5__lamp-cord-black.psd-10-ft-power-exteded.jpg,,IMAGE_CHANGED
hmh01785,"The Ozone Generator 5,000 cu.ft.",simple,https://hmoonhydro.com/wp-content/uploads/2019/08/UV-Ozone-Generator.jpg-2017-print.jpg,"https://hmoonhydro.com/wp-content/uploads/2019/08/UV-Ozone-Generator.jpg-2017-print.jpg, https://hmoonhydro.com/wp-content/uploads/2019/08/UV-Ozone-Generator.jpg-2017-print.jpg",,IMAGE_CHANGED
hmh01787,Eye Hortilux® LU 1000 DE/HTL Double-Ended,grouped,https://hmoonhydro.com/wp-content/uploads/2019/09/hortilux-de-bulb-300x300-1.jpg,"https://hmoonhydro.com/wp-content/uploads/2019/09/hortilux-de-bulb-300x300-1.jpg, https://hmoonhydro.com/wp-content/uploads/2019/09/hortilux-de-bulb-300x300-1.jpg",,IMAGE_CHANGED
hmh01795,Down To Earth Bat Guano 9 - 3 - 1,simple,https://hmoonhydro.com/wp-content/uploads/2019/08/bat-guano-nitrogen-high.jpg,https://hmoonhydro.com/wp-content/uploads/2026/02/fc055205__bat-guano-nitrogen-high.jpg,,IMAGE_CHANGED
hmh01798,Down To Earth Neem Seed Meal 6 - 1 - 2,simple,https://hmoonhydro.com/wp-content/uploads/2019/08/neem-meal.jpg,https://hmoonhydro.com/wp-content/uploads/2026/02/5c772bd2__neem-meal.jpg,,IMAGE_CHANGED
hmh01801,Down To Earth Granular Humic Acids,simple,https://hmoonhydro.com/wp-content/uploads/2019/08/humic-meal-mix.jpg,https://hmoonhydro.com/wp-content/uploads/2026/02/a68fd34e__humic-meal-mix.jpg,,IMAGE_CHANGED
hmh01804,Down To Earth Bone Meal 3 - 15 - 0,simple,https://hmoonhydro.com/wp-content/uploads/2019/08/bone-meal.jpg,https://hmoonhydro.com/wp-content/uploads/2026/02/8bd23346__bone-meal.jpg,,IMAGE_CHANGED
hmh01810,Down To Earth Kelp Meal 1 - 0.1 - 2,simple,https://hmoonhydro.com/wp-content/uploads/2019/08/kelp-meal.jpg,https://hmoonhydro.com/wp-content/uploads/2026/02/153241f1__kelp-meal.jpg,,IMAGE_CHANGED
hmh01813,Down To Earth Fish Bone Meal 3 - 16 - 0,simple,https://hmoonhydro.com/wp-content/uploads/2019/08/fish-bone-meal.jpg,https://hmoonhydro.com/wp-content/uploads/2026/02/aa39b0f9__fish-bone-meal.jpg,,IMAGE_CHANGED
hmh01816,Down To Earth Bat Guano 9-3-1,grouped,https://hmoonhydro.com/wp-content/uploads/2019/08/bat-guano-nitrogen-high.jpg,"https://hmoonhydro.com/wp-content/uploads/2019/08/bat-guano-nitrogen-high.jpg, https://hmoonhydro.com/wp-content/uploads/2019/08/bat-guano-nitrogen-high.jpg",,IMAGE_CHANGED
hmh01854,CALNESIUM Deficiency Correction Supplement,simple,https://hmoonhydro.com/wp-content/uploads/2019/08/Calnesium-2.jpg,https://hmoonhydro.com/wp-content/uploads/2026/02/93399b44__Calnesium-2.jpg,,IMAGE_CHANGED
hmh01855,CALNESIUM Defficiency Correction Supplemnt,variable,https://hmoonhydro.com/wp-content/uploads/2019/08/Calnesium-2.jpg,"https://hmoonhydro.com/wp-content/uploads/2026/02/93399b44__Calnesium-2.jpg, https://hmoonhydro.com/wp-content/uploads/2019/08/Calnesium-2.jpg",,IMAGE_CHANGED
hmh01861,Liquid Carbo Blast 2.5,variable,https://hmoonhydro.com/wp-content/uploads/2019/08/carbo-blast-print.jpg.jpg,"https://hmoonhydro.com/wp-content/uploads/2026/02/76d325cf__carbo-blast-print_jpg.jpg, https://hmoonhydro.com/wp-content/uploads/2019/08/carbo-blast-print.jpg.jpg",,IMAGE_CHANGED
hmh01862,Liquid Carbo Blast 6,variable,https://hmoonhydro.com/wp-content/uploads/2019/08/carbo-blast.jpg,https://hmoonhydro.com/wp-content/uploads/2026/02/76d325cf__carbo-blast-print_jpg.jpg,,IMAGE_CHANGED
hmh01903,microBIOMETER® Refill Kit,simple,https://hmoonhydro.com/wp-content/uploads/2019/08/family-2-scaled.jpg,"https://hmoonhydro.com/wp-content/uploads/2019/08/family-2-scaled.jpg, https://hmoonhydro.com/wp-content/uploads/2019/08/family-2-scaled.jpg",,IMAGE_CHANGED
hmh01906,Carb O Naria 0-0-0.3,simple,https://hmoonhydro.com/wp-content/uploads/2019/08/carbonaria.jpg,https://hmoonhydro.com/wp-content/uploads/2026/02/b733e226__carbonaria.jpg,,IMAGE_CHANGED
hmh01908,CAR-BEAU-NARIA 0-0-0.3 Gall.(4/cs),simple,https://hmoonhydro.com/wp-content/uploads/2019/08/carbonaria.jpg,https://hmoonhydro.com/wp-content/uploads/2026/02/b733e226__carbonaria.jpg,,IMAGE_CHANGED
hmh01910,"Car- Beau- Naria 0-0-0.3 , 5 Gall",simple,https://hmoonhydro.com/wp-content/uploads/2019/08/carbonaria.jpg,https://hmoonhydro.com/wp-content/uploads/2026/02/b733e226__carbonaria.jpg,,IMAGE_CHANGED
hmh2011,Dyna-Gro Pro Tekt 1qt,simple,https://hmoonhydro.com/wp-content/uploads/2019/09/Dyna-Gro-Pro-Tekt-1qt.jpg,https://hmoonhydro.com/wp-content/uploads/2026/02/9ea3494d__Dyna-Gro-Pro-Tekt-1qt.jpg,,IMAGE_CHANGED
hmh2012,Dyna-Gro Pro Tekt 1gal,simple,https://hmoonhydro.com/wp-content/uploads/2019/09/Dyna-Gro-Pro-Tekt-1gallon.jpg,https://hmoonhydro.com/wp-content/uploads/2026/02/446a669e__Dyna-Gro-Pro-Tekt-1gallon.jpg,,IMAGE_CHANGED
uno gen-1eng,UNO GEN-1eNG,variable,https://hmoonhydro.com/wp-content/uploads/2021/09/UNO-GEN-1ENG.jpg,https://hmoonhydro.com/wp-content/uploads/2021/10/UNO-GEN-2eNG.jpg,,IMAGE_CHANGED
gen-2eng,UNO GEN-2eNG,simple,https://hmoonhydro.com/wp-content/uploads/2021/10/UNO-GEN-2eNG.jpg,"https://hmoonhydro.com/wp-content/uploads/2026/02/63feee15__UNO-GEN-2eNG.jpg, https://hmoonhydro.com/wp-content/uploads/2021/10/UNO-GEN-2eNG.jpg",,IMAGE_CHANGED
uno-2elp-g,UNO-GEN-2elp Propane,variable,https://hmoonhydro.com/wp-content/uploads/2021/10/UNO-GEN-2elp-Propane.jpg,https://hmoonhydro.com/wp-content/uploads/2026/02/7bc0126e__UNO-GEN-1elp-Propane-100x100_jpg.jpg,,IMAGE_CHANGED
9.7816e+12,Teaming with Bacteria: The Organic Gardener’s Guide to Endophytic Bacteria and the Rhizophagy Cycle,simple,https://hmoonhydro.com/wp-content/uploads/2023/01/teaming-with-bacteria.jpg,"https://hmoonhydro.com/wp-content/uploads/2023/01/teaming-with-bacteria.jpg, https://hmoonhydro.com/wp-content/uploads/2023/01/teaming-with-bacteria.jpg",,IMAGE_CHANGED
