sku,name,type,dec31_image,local_file,status,slug_stem_tried
hmh00012,FloraBlend gal,simple,https://hmoonhydro.com/wp-content/uploads/2019/08/florablend.jpg,hmoonhydro.com\wp-content\uploads\2019\08\florablend.jpg,PRODUCT_ABSENT_FROM_FEB12,
hmh00161,BioThrive Grow 1 gal,simple,https://hmoonhydro.com/wp-content/uploads/2019/08/biothrive.jpg,hmoonhydro.com\wp-content\uploads\2019\08\biothrive.jpg,PRODUCT_ABSENT_FROM_FEB12,
hmh00164,BioThrive Bloom 1 gal,simple,https://hmoonhydro.com/wp-content/uploads/2019/08/biothrive.jpg,hmoonhydro.com\wp-content\uploads\2019\08\biothrive.jpg,PRODUCT_ABSENT_FROM_FEB12,
hmh00166,Hard Water Flora Micro 1 qt,simple,https://hmoonhydro.com/wp-content/uploads/2019/08/FloraMicroHW.jpg,hmoonhydro.com\wp-content\uploads\2019\08\FloraMicroHW.jpg,PRODUCT_ABSENT_FROM_FEB12,
hmh00167,Hard Water Flora Micro 1 gal,simple,https://hmoonhydro.com/wp-content/uploads/2019/08/FloraMicroHW.jpg,hmoonhydro.com\wp-content\uploads\2019\08\FloraMicroHW.jpg,PRODUCT_ABSENT_FROM_FEB12,
hmh00172,Flora Micro 1 gal,simple,https://hmoonhydro.com/wp-content/uploads/2019/08/FloraMicro.jpg,hmoonhydro.com\wp-content\uploads\2019\08\FloraMicro.jpg,PRODUCT_ABSENT_FROM_FEB12,
hmh00177,FloraGro 1 gal,simple,https://hmoonhydro.com/wp-content/uploads/2019/08/FloraGro.jpg,hmoonhydro.com\wp-content\uploads\2019\08\FloraGro.jpg,PRODUCT_ABSENT_FROM_FEB12,
hmh00182,Flora Bloom 1 gal,simple,https://hmoonhydro.com/wp-content/uploads/2019/08/FloraBloom.jpg,hmoonhydro.com\wp-content\uploads\2019\08\FloraBloom.jpg,PRODUCT_ABSENT_FROM_FEB12,
hmh00187,FloraNova Grow 1 gal,simple,https://hmoonhydro.com/wp-content/uploads/2019/08/FNovaGrow.jpg,hmoonhydro.com\wp-content\uploads\2019\08\FNovaGrow.jpg,PRODUCT_ABSENT_FROM_FEB12,
hmh00191,FloraNova Bloom 1 gal,simple,https://hmoonhydro.com/wp-content/uploads/2019/08/FNovaBloom.jpg,hmoonhydro.com\wp-content\uploads\2019\08\FNovaBloom.jpg,PRODUCT_ABSENT_FROM_FEB12,
hmh00200,Diamond Nectar 1 gal,simple,https://hmoonhydro.com/wp-content/uploads/2019/08/Diamond_Nectar.jpg,hmoonhydro.com\wp-content\uploads\2019\08\Diamond_Nectar.jpg,PRODUCT_ABSENT_FROM_FEB12,
hmh00205,FloraDuo A 1 gal,simple,https://hmoonhydro.com/wp-content/uploads/2019/08/flora-duo.jpg,hmoonhydro.com\wp-content\uploads\2019\08\flora-duo.jpg,PRODUCT_ABSENT_FROM_FEB12,
hmh00210,FloraDuo B 1 gal,simple,https://hmoonhydro.com/wp-content/uploads/2019/08/flora-duo.jpg,hmoonhydro.com\wp-content\uploads\2019\08\flora-duo.jpg,PRODUCT_ABSENT_FROM_FEB12,
hmh00214,Floralicious Bloom 1 gal,simple,https://hmoonhydro.com/wp-content/uploads/2019/08/FloraliciousBloom.jpg,hmoonhydro.com\wp-content\uploads\2019\08\FloraliciousBloom.jpg,PRODUCT_ABSENT_FROM_FEB12,
hmh00217,Floralicious Grow 1 gal,simple,https://hmoonhydro.com/wp-content/uploads/2019/08/FloraliciousGrow.jpg,hmoonhydro.com\wp-content\uploads\2019\08\FloraliciousGrow.jpg,PRODUCT_ABSENT_FROM_FEB12,
hmh00224,FloraNectar FruitnFusion 1 gal,simple,https://hmoonhydro.com/wp-content/uploads/2019/08/FloraNectar.jpg,hmoonhydro.com\wp-content\uploads\2019\08\FloraNectar.jpg,PRODUCT_ABSENT_FROM_FEB12,
hmh00227,FloraNectar Pineapple 1 gal,simple,https://hmoonhydro.com/wp-content/uploads/2019/08/FloraNectar.jpg,hmoonhydro.com\wp-content\uploads\2019\08\FloraNectar.jpg,PRODUCT_ABSENT_FROM_FEB12,
hmh00229,Flora Shield 1 qt,simple,https://hmoonhydro.com/wp-content/uploads/2019/08/FloraShield.jpg,hmoonhydro.com\wp-content\uploads\2019\08\FloraShield.jpg,PRODUCT_ABSENT_FROM_FEB12,
hmh00230,Flora Shield 1 gal,simple,https://hmoonhydro.com/wp-content/uploads/2019/08/FloraShield.jpg,hmoonhydro.com\wp-content\uploads\2019\08\FloraShield.jpg,PRODUCT_ABSENT_FROM_FEB12,
hmh00242,Rapid Start 275 ml,simple,https://hmoonhydro.com/wp-content/uploads/2019/08/Rapid-Start.jpg,hmoonhydro.com\wp-content\uploads\2019\08\Rapid-Start.jpg,PRODUCT_ABSENT_FROM_FEB12,
hmh00244,Rapid Start 1 qt,simple,https://hmoonhydro.com/wp-content/uploads/2019/08/Rapid-Start.jpg,hmoonhydro.com\wp-content\uploads\2019\08\Rapid-Start.jpg,PRODUCT_ABSENT_FROM_FEB12,
hmh00246,BioBud 1 gal,simple,https://hmoonhydro.com/wp-content/uploads/2019/08/biobud.jpg,hmoonhydro.com\wp-content\uploads\2019\08\biobud.jpg,PRODUCT_ABSENT_FROM_FEB12,
hmh00248,BioMarine 1 gal,simple,https://hmoonhydro.com/wp-content/uploads/2019/08/biomarine.jpg,hmoonhydro.com\wp-content\uploads\2019\08\biomarine.jpg,PRODUCT_ABSENT_FROM_FEB12,
hmh00250,BioRoot 1 gal,simple,https://hmoonhydro.com/wp-content/uploads/2019/08/bioroot.jpg,hmoonhydro.com\wp-content\uploads\2019\08\bioroot.jpg,PRODUCT_ABSENT_FROM_FEB12,
hmh00252,BioWeed 1 gal,simple,https://hmoonhydro.com/wp-content/uploads/2019/08/bio-weed.jpg,hmoonhydro.com\wp-content\uploads\2019\08\bio-weed.jpg,PRODUCT_ABSENT_FROM_FEB12,
hmh00254,CaMg+ 1 gal,simple,https://hmoonhydro.com/wp-content/uploads/2019/08/camg.jpg,hmoonhydro.com\wp-content\uploads\2019\08\camg.jpg,PRODUCT_ABSENT_FROM_FEB12,
hmh00256,Diamond Black 1 gal,simple,https://hmoonhydro.com/wp-content/uploads/2019/08/DiamondBlackbottle.jpg,hmoonhydro.com\wp-content\uploads\2019\08\DiamondBlackbottle.jpg,PRODUCT_ABSENT_FROM_FEB12,
hmh00260,B'Cuzz BIO-NRG Flavor-C 5L,simple,https://hmoonhydro.com/wp-content/uploads/2019/08/nrg_flavor.jpg,hmoonhydro.com\wp-content\uploads\2019\08\nrg_flavor.jpg,PRODUCT_ABSENT_FROM_FEB12,
hmh00264,B'Cuzz Hydro A 5L,simple,https://hmoonhydro.com/wp-content/uploads/2019/08/hydro.jpg,hmoonhydro.com\wp-content\uploads\2019\08\hydro.jpg,PRODUCT_ABSENT_FROM_FEB12,
hmh00266,B'Cuzz Hydro B 5L,simple,https://hmoonhydro.com/wp-content/uploads/2019/08/hydro.jpg,hmoonhydro.com\wp-content\uploads\2019\08\hydro.jpg,PRODUCT_ABSENT_FROM_FEB12,
hmh00278,B'Cuzz Growth Stimulator - 1 gal,simple,https://hmoonhydro.com/wp-content/uploads/2019/08/grow.jpg,hmoonhydro.com\wp-content\uploads\2019\08\grow.jpg,PRODUCT_ABSENT_FROM_FEB12,
hmh00284,B'Cuzz Root Stimulator - 1 gal,simple,https://hmoonhydro.com/wp-content/uploads/2019/08/root.jpg,hmoonhydro.com\wp-content\uploads\2019\08\root.jpg,PRODUCT_ABSENT_FROM_FEB12,
hmh00302,Better Bloom 10 kg,simple,https://hmoonhydro.com/wp-content/uploads/2019/08/betterbloom.jpg,hmoonhydro.com\wp-content\uploads\2019\08\betterbloom.jpg,PRODUCT_ABSENT_FROM_FEB12,
hmh00305,Jungle Green 10 kg,simple,https://hmoonhydro.com/wp-content/uploads/2019/08/junglegreen.jpg,hmoonhydro.com\wp-content\uploads\2019\08\junglegreen.jpg,PRODUCT_ABSENT_FROM_FEB12,
hmh00307,Royal Black 4 liter,simple,https://hmoonhydro.com/wp-content/uploads/2019/08/royal_black.jpg,hmoonhydro.com\wp-content\uploads\2019\08\royal_black.jpg,PRODUCT_ABSENT_FROM_FEB12,
hmh00309,Royal Gold 4 liter,simple,https://hmoonhydro.com/wp-content/uploads/2019/08/royal_gold.jpg,hmoonhydro.com\wp-content\uploads\2019\08\royal_gold.jpg,PRODUCT_ABSENT_FROM_FEB12,
hmh00312,Yield Up 9-47-9 10 kg,simple,https://hmoonhydro.com/wp-content/uploads/2019/08/yieldup.jpg,hmoonhydro.com\wp-content\uploads\2019\08\yieldup.jpg,PRODUCT_ABSENT_FROM_FEB12,
hmh00318,Carbo Blast 2.5 kg,simple,https://hmoonhydro.com/wp-content/uploads/2019/08/carboblast.jpg,hmoonhydro.com\wp-content\uploads\2019\08\carboblast.jpg,PRODUCT_ABSENT_FROM_FEB12,
hmh00320,Prop-O-Gator 500 ml,simple,https://hmoonhydro.com/wp-content/uploads/2019/08/Propogator.jpg,hmoonhydro.com\wp-content\uploads\2019\08\Propogator.jpg,PRODUCT_ABSENT_FROM_FEB12,
hmh00321,Prop-O-Gator 1 liter,simple,https://hmoonhydro.com/wp-content/uploads/2019/08/Propogator.jpg,hmoonhydro.com\wp-content\uploads\2019\08\Propogator.jpg,PRODUCT_ABSENT_FROM_FEB12,
hmh00330,Double Super B+ 4 liter,simple,https://hmoonhydro.com/wp-content/uploads/2019/08/super_b_extra_strength.jpg,hmoonhydro.com\wp-content\uploads\2019\08\super_b_extra_strength.jpg,PRODUCT_ABSENT_FROM_FEB12,
hmh00331,Double Super B+ 10 liter,simple,https://hmoonhydro.com/wp-content/uploads/2019/08/super_b_extra_strength.jpg,hmoonhydro.com\wp-content\uploads\2019\08\super_b_extra_strength.jpg,PRODUCT_ABSENT_FROM_FEB12,
hmh00332,Double Super B+ 23 liter,simple,https://hmoonhydro.com/wp-content/uploads/2019/08/super_b_extra_strength.jpg,hmoonhydro.com\wp-content\uploads\2019\08\super_b_extra_strength.jpg,PRODUCT_ABSENT_FROM_FEB12,
hmh00342,Humboldt Grow 1 gal,simple,https://hmoonhydro.com/wp-content/uploads/2019/08/humboldt_grow.jpg,hmoonhydro.com\wp-content\uploads\2019\08\humboldt_grow.jpg,PRODUCT_ABSENT_FROM_FEB12,
hmh00346,Mayan Microzyme1 gal,simple,https://hmoonhydro.com/wp-content/uploads/2019/08/humboldt_mayan.jpg,hmoonhydro.com\wp-content\uploads\2019\08\humboldt_mayan.jpg,PRODUCT_ABSENT_FROM_FEB12,
hmh00351,Humboldt Bloom 1 gal,simple,https://hmoonhydro.com/wp-content/uploads/2019/08/humboldt_bloom.jpg,hmoonhydro.com\wp-content\uploads\2019\08\humboldt_bloom.jpg,PRODUCT_ABSENT_FROM_FEB12,
hmh00359,Humboldt Sea Cal 1 gal,simple,https://hmoonhydro.com/wp-content/uploads/2019/08/humboldt_sea-cal.jpg,hmoonhydro.com\wp-content\uploads\2019\08\humboldt_sea-cal.jpg,PRODUCT_ABSENT_FROM_FEB12,
hmh00362,Humboldt Sea Mag 1 gal,simple,https://hmoonhydro.com/wp-content/uploads/2019/08/humboldt_sea-mag.jpg,hmoonhydro.com\wp-content\uploads\2019\08\humboldt_sea-mag.jpg,PRODUCT_ABSENT_FROM_FEB12,
hmh00365,Humboldt Master A 1 gal,simple,https://hmoonhydro.com/wp-content/uploads/2019/08/humboldt_master_a.jpg,hmoonhydro.com\wp-content\uploads\2019\08\humboldt_master_a.jpg,PRODUCT_ABSENT_FROM_FEB12,
hmh00369,Humboldt Master B 1 gal,simple,https://hmoonhydro.com/wp-content/uploads/2019/08/humboldt_master_b.jpg,hmoonhydro.com\wp-content\uploads\2019\08\humboldt_master_b.jpg,PRODUCT_ABSENT_FROM_FEB12,
hmh00373,Humboldt DueceDuece 1 gal,simple,https://hmoonhydro.com/wp-content/uploads/2019/08/duece_duece.jpg,hmoonhydro.com\wp-content\uploads\2019\08\duece_duece.jpg,PRODUCT_ABSENT_FROM_FEB12,
hmh00376,Humboldt Oneness 1 gal,simple,https://hmoonhydro.com/wp-content/uploads/2019/08/oneness_small.jpg,hmoonhydro.com\wp-content\uploads\2019\08\oneness_small.jpg,PRODUCT_ABSENT_FROM_FEB12,
hmh00389,Hydro-Deuce 1 gal,simple,https://hmoonhydro.com/wp-content/uploads/2019/08/hydro-deuce.jpg,hmoonhydro.com\wp-content\uploads\2019\08\hydro-deuce.jpg,PRODUCT_ABSENT_FROM_FEB12,
hmh00398,Grow Natural 1 gal,simple,https://hmoonhydro.com/wp-content/uploads/2019/08/humboldt_grow_natural.jpg,hmoonhydro.com\wp-content\uploads\2019\08\humboldt_grow_natural.jpg,PRODUCT_ABSENT_FROM_FEB12,
hmh00403,Bloom Natural 1 gal,simple,https://hmoonhydro.com/wp-content/uploads/2019/08/humboldt_bloom_natural.jpg,hmoonhydro.com\wp-content\uploads\2019\08\humboldt_bloom_natural.jpg,PRODUCT_ABSENT_FROM_FEB12,
hmh00408,Hum-Bolt 1 gal,simple,https://hmoonhydro.com/wp-content/uploads/2019/08/humboldt_hum-bolt.jpg,hmoonhydro.com\wp-content\uploads\2019\08\humboldt_hum-bolt.jpg,PRODUCT_ABSENT_FROM_FEB12,
hmh00411,Flavor-Ful 1 gal,simple,https://hmoonhydro.com/wp-content/uploads/2019/08/humboldt_flavor-ful.jpg,hmoonhydro.com\wp-content\uploads\2019\08\humboldt_flavor-ful.jpg,PRODUCT_ABSENT_FROM_FEB12,
hmh00415,Verde Growth Catalyst 1 gal,simple,https://hmoonhydro.com/wp-content/uploads/2019/08/verde.jpg,hmoonhydro.com\wp-content\uploads\2019\08\verde.jpg,PRODUCT_ABSENT_FROM_FEB12,
hmh00425,Myco Madness Soluble 1 lb,simple,https://hmoonhydro.com/wp-content/uploads/2019/08/humboldt_myco_soluble.jpg,hmoonhydro.com\wp-content\uploads\2019\08\humboldt_myco_soluble.jpg,PRODUCT_ABSENT_FROM_FEB12,
hmh00428,Myco Maximum Granular 1 lb,simple,https://hmoonhydro.com/wp-content/uploads/2019/08/humboldt_myco_granular.jpg,hmoonhydro.com\wp-content\uploads\2019\08\humboldt_myco_granular.jpg,PRODUCT_ABSENT_FROM_FEB12,
hmh00431,Humboldt Honey Hydro Carbs 1 gal,simple,https://hmoonhydro.com/wp-content/uploads/2019/08/humboldt_honey_hydro_carbs.jpg,hmoonhydro.com\wp-content\uploads\2019\08\humboldt_honey_hydro_carbs.jpg,PRODUCT_ABSENT_FROM_FEB12,
hmh00435,Humboldt Honey ES 1 gal,simple,https://hmoonhydro.com/wp-content/uploads/2019/08/humboldt_honey_es.jpg,hmoonhydro.com\wp-content\uploads\2019\08\humboldt_honey_es.jpg,PRODUCT_ABSENT_FROM_FEB12,
hmh00439,Humboldt Roots 125 ml,simple,https://hmoonhydro.com/wp-content/uploads/2019/08/humboldt_roots.jpg,hmoonhydro.com\wp-content\uploads\2019\08\humboldt_roots.jpg,PRODUCT_ABSENT_FROM_FEB12,
hmh00440,Humboldt Roots 250 ml,simple,https://hmoonhydro.com/wp-content/uploads/2019/08/humboldt_roots.jpg,hmoonhydro.com\wp-content\uploads\2019\08\humboldt_roots.jpg,PRODUCT_ABSENT_FROM_FEB12,
hmh00441,Humboldt Roots 500 ml,simple,https://hmoonhydro.com/wp-content/uploads/2019/08/humboldt_roots.jpg,hmoonhydro.com\wp-content\uploads\2019\08\humboldt_roots.jpg,PRODUCT_ABSENT_FROM_FEB12,
hmh00446,HYGROZYME 4 L,simple,https://hmoonhydro.com/wp-content/uploads/2019/08/hygrozyme_bottles.jpg,hmoonhydro.com\wp-content\uploads\2019\08\hygrozyme_bottles.jpg,PRODUCT_ABSENT_FROM_FEB12,
hmh00518,"8 in. Cool Tube with reflector socket w/ 15 ft cord - 24"" long",simple,https://hmoonhydro.com/wp-content/uploads/2019/08/ugrct8.jpg,hmoonhydro.com\wp-content\uploads\2019\08\ugrct8.jpg,PRODUCT_ABSENT_FROM_FEB12,
hmh00602,Plantmax HPS Conversion (MH Ballast),grouped,https://hmoonhydro.com/wp-content/uploads/2019/08/LU360W-MH_BT28.jpg,hmoonhydro.com\wp-content\uploads\2019\08\LU360W-MH_BT28.jpg,PRODUCT_ABSENT_FROM_FEB12,
hmh00726,"10"" CAN Filter Flange",simple,https://hmoonhydro.com/wp-content/uploads/2019/08/can-filters-flanges.jpg,hmoonhydro.com\wp-content\uploads\2019\08\can-filters-flanges.jpg,PRODUCT_ABSENT_FROM_FEB12,
hmh00727,"12"" CAN Filter Flange",simple,https://hmoonhydro.com/wp-content/uploads/2019/08/can-filters-flanges.jpg,hmoonhydro.com\wp-content\uploads\2019\08\can-filters-flanges.jpg,PRODUCT_ABSENT_FROM_FEB12,
hmh00740,"6"" Flange",simple,https://hmoonhydro.com/wp-content/uploads/2019/08/profilter.jpg,hmoonhydro.com\wp-content\uploads\2019\08\profilter.jpg,PRODUCT_ABSENT_FROM_FEB12,
hmh00741,"8"" Flange",simple,https://hmoonhydro.com/wp-content/uploads/2019/08/profilter.jpg,hmoonhydro.com\wp-content\uploads\2019\08\profilter.jpg,PRODUCT_ABSENT_FROM_FEB12,
hmh00742,"10"" Flange",simple,https://hmoonhydro.com/wp-content/uploads/2019/08/profilter.jpg,hmoonhydro.com\wp-content\uploads\2019\08\profilter.jpg,PRODUCT_ABSENT_FROM_FEB12,
hmh00743,"12"" Flange",simple,https://hmoonhydro.com/wp-content/uploads/2019/08/profilter.jpg,hmoonhydro.com\wp-content\uploads\2019\08\profilter.jpg,PRODUCT_ABSENT_FROM_FEB12,
hmh00784,8 in. Backdraft Damper,simple,https://hmoonhydro.com/wp-content/uploads/2019/08/backdraft_dampers.jpg,hmoonhydro.com\wp-content\uploads\2019\08\backdraft_dampers.jpg,PRODUCT_ABSENT_FROM_FEB12,
hmh00785,10 in. Backdraft Damper,simple,https://hmoonhydro.com/wp-content/uploads/2019/08/backdraft_dampers.jpg,hmoonhydro.com\wp-content\uploads\2019\08\backdraft_dampers.jpg,PRODUCT_ABSENT_FROM_FEB12,
hmh00786,12 in. Backdraft Damper,simple,https://hmoonhydro.com/wp-content/uploads/2019/08/backdraft_dampers.jpg,hmoonhydro.com\wp-content\uploads\2019\08\backdraft_dampers.jpg,PRODUCT_ABSENT_FROM_FEB12,
hmh00799,6 in. x 25 ft flexible duct W/ 2 clamps included,simple,https://hmoonhydro.com/wp-content/uploads/2019/08/flex_duct.jpg,hmoonhydro.com\wp-content\uploads\2019\08\flex_duct.jpg,PRODUCT_ABSENT_FROM_FEB12,
hmh00800,8 in. x 25 ft flexible duct w / 2 clamps included,simple,https://hmoonhydro.com/wp-content/uploads/2019/08/flex_duct.jpg,hmoonhydro.com\wp-content\uploads\2019\08\flex_duct.jpg,PRODUCT_ABSENT_FROM_FEB12,
hmh00801,10 in. x 25 ft flexible duct w/ 2 clamps included,simple,https://hmoonhydro.com/wp-content/uploads/2019/08/flex_duct.jpg,hmoonhydro.com\wp-content\uploads\2019\08\flex_duct.jpg,PRODUCT_ABSENT_FROM_FEB12,
hmh00802,12 in. x 25 ft flexible duct w/ 2 clamps included,simple,https://hmoonhydro.com/wp-content/uploads/2019/08/flex_duct.jpg,hmoonhydro.com\wp-content\uploads\2019\08\flex_duct.jpg,PRODUCT_ABSENT_FROM_FEB12,
hmh00832,10 in. Bucket Basket,simple,https://hmoonhydro.com/wp-content/uploads/2019/08/bucket_baskets3.jpg,hmoonhydro.com\wp-content\uploads\2019\08\bucket_baskets3.jpg,PRODUCT_ABSENT_FROM_FEB12,
hmh00847,6 in. Site Plug (case of 10),simple,https://hmoonhydro.com/wp-content/uploads/2019/08/plugs.jpg,hmoonhydro.com\wp-content\uploads\2019\08\plugs.jpg,PRODUCT_ABSENT_FROM_FEB12,
hmh00859,"Pulse Start M.H.600W. 7,000K for Vegative Growth",simple,https://hmoonhydro.com/wp-content/uploads/2019/08/plantmax_pulse.jpg,hmoonhydro.com\wp-content\uploads\2019\08\plantmax_pulse.jpg,PRODUCT_ABSENT_FROM_FEB12,
hmh00860,"Pulse Start M.H.600W. 3,000K for Flowering Growth",simple,https://hmoonhydro.com/wp-content/uploads/2019/08/plantmax_pulse.jpg,hmoonhydro.com\wp-content\uploads\2019\08\plantmax_pulse.jpg,PRODUCT_ABSENT_FROM_FEB12,
hmh00861,"Pulse Start M.H.600W. 10,000K for Final Flowering",simple,https://hmoonhydro.com/wp-content/uploads/2019/08/plantmax_pulse.jpg,hmoonhydro.com\wp-content\uploads\2019\08\plantmax_pulse.jpg,PRODUCT_ABSENT_FROM_FEB12,
hmh00862,"Pulse Start M.H.1000W. 7,000K for Vegative Growth",simple,https://hmoonhydro.com/wp-content/uploads/2019/08/plantmax_pulse.jpg,hmoonhydro.com\wp-content\uploads\2019\08\plantmax_pulse.jpg,PRODUCT_ABSENT_FROM_FEB12,
hmh00863,"Pulse Start M.H.1000W. 3,000K for Flowering Growth",simple,https://hmoonhydro.com/wp-content/uploads/2019/08/plantmax_pulse.jpg,hmoonhydro.com\wp-content\uploads\2019\08\plantmax_pulse.jpg,PRODUCT_ABSENT_FROM_FEB12,
hmh00864,"Pulse Start M.H.1000W. 10,000K for Final Flowering",simple,https://hmoonhydro.com/wp-content/uploads/2019/08/plantmax_pulse.jpg,hmoonhydro.com\wp-content\uploads\2019\08\plantmax_pulse.jpg,PRODUCT_ABSENT_FROM_FEB12,
hmh01025,Big Bud Bloom Booster (500g powder),simple,https://hmoonhydro.com/wp-content/uploads/2019/08/advancedBigBudLiquid.jpg,hmoonhydro.com\wp-content\uploads\2019\08\advancedBigBudLiquid.jpg,PRODUCT_ABSENT_FROM_FEB12,
hmh01030,Bud Blood Bloom Stimulator (300g),simple,https://hmoonhydro.com/wp-content/uploads/2019/08/advancedBudBlood.jpg,hmoonhydro.com\wp-content\uploads\2019\08\advancedBudBlood.jpg,PRODUCT_ABSENT_FROM_FEB12,
hmh01050,Piranha Beneficial Fungi (130 g),simple,https://hmoonhydro.com/wp-content/uploads/2019/08/AN_pirhana.jpg,hmoonhydro.com\wp-content\uploads\2019\08\AN_pirhana.jpg,PRODUCT_ABSENT_FROM_FEB12,
hmh01064,Tarantula Beneficial Bacteria (130 g),simple,https://hmoonhydro.com/wp-content/uploads/2019/08/advancedTarantula.jpg,hmoonhydro.com\wp-content\uploads\2019\08\advancedTarantula.jpg,PRODUCT_ABSENT_FROM_FEB12,
hmh01070,VooDoo Juice Root Booster (1 lt),simple,https://hmoonhydro.com/wp-content/uploads/2019/08/voodoo.jpg,hmoonhydro.com\wp-content\uploads\2019\08\voodoo.jpg,PRODUCT_ABSENT_FROM_FEB12,
hmh01084,Big Bloom Liquid Plant Food (1 gal),simple,https://hmoonhydro.com/wp-content/uploads/2019/08/product_BIGBLOOM.jpg,hmoonhydro.com\wp-content\uploads\2019\08\product_BIGBLOOM.jpg,PRODUCT_ABSENT_FROM_FEB12,
hmh01088,Grow Big Liquid Plant Food (1 gal),simple,https://hmoonhydro.com/wp-content/uploads/2019/08/product_growbigliqplnt.jpg,hmoonhydro.com\wp-content\uploads\2019\08\product_growbigliqplnt.jpg,PRODUCT_ABSENT_FROM_FEB12,
hmh01092,Tiger Bloom Liquid Plant Food (1 gal),simple,https://hmoonhydro.com/wp-content/uploads/2019/08/product_TIGERBLOOM.jpg,hmoonhydro.com\wp-content\uploads\2019\08\product_TIGERBLOOM.jpg,PRODUCT_ABSENT_FROM_FEB12,
hmh01109,ONA Liquid Polar Crystal (1 gal),simple,https://hmoonhydro.com/wp-content/uploads/2019/08/ONA-Liquid-bottle-200.jpg,hmoonhydro.com\wp-content\uploads\2019\08\ONA-Liquid-bottle-200.jpg,PRODUCT_ABSENT_FROM_FEB12,
hmh01111,ONA Gel Fresh Linen (1 gal),simple,https://hmoonhydro.com/wp-content/uploads/2019/08/ONA-Gel-collage.jpg,hmoonhydro.com\wp-content\uploads\2019\08\ONA-Gel-collage.jpg,PRODUCT_ABSENT_FROM_FEB12,
hmh01114,ONA Pro Gel (1 gal),simple,https://hmoonhydro.com/wp-content/uploads/2019/08/ONA-Gel-collage.jpg,hmoonhydro.com\wp-content\uploads\2019\08\ONA-Gel-collage.jpg,PRODUCT_ABSENT_FROM_FEB12,
hmh01149,FloraNectar Coconut 1 gal,simple,https://hmoonhydro.com/wp-content/uploads/2019/08/FloraNectar.jpg,hmoonhydro.com\wp-content\uploads\2019\08\FloraNectar.jpg,PRODUCT_ABSENT_FROM_FEB12,
hmh01156,CALiMAGic qt,simple,https://hmoonhydro.com/wp-content/uploads/2019/08/CALiMAGic.png,hmoonhydro.com\wp-content\uploads\2019\08\CALiMAGic.png,PRODUCT_ABSENT_FROM_FEB12,
hmh01157,CALiMAGic gal,simple,https://hmoonhydro.com/wp-content/uploads/2019/08/CALiMAGic.png,hmoonhydro.com\wp-content\uploads\2019\08\CALiMAGic.png,PRODUCT_ABSENT_FROM_FEB12,
hmh01169,Pure Blend Pro Grow Gal.,simple,https://hmoonhydro.com/wp-content/uploads/2019/08/PBPGrow_GalFB_0.png,hmoonhydro.com\wp-content\uploads\2019\08\PBPGrow_GalFB_0.png,PRODUCT_ABSENT_FROM_FEB12,
hmh01171,Pure Blend Pro Bloom Gal.,simple,https://hmoonhydro.com/wp-content/uploads/2019/08/PBPBloom_GalFB_0.png,hmoonhydro.com\wp-content\uploads\2019\08\PBPBloom_GalFB_0.png,PRODUCT_ABSENT_FROM_FEB12,
hmh01173,Pure Blend Pro Soil Gal.,simple,https://hmoonhydro.com/wp-content/uploads/2019/08/PBPSoil_GalFB_0.png,hmoonhydro.com\wp-content\uploads\2019\08\PBPSoil_GalFB_0.png,PRODUCT_ABSENT_FROM_FEB12,
hmh01175,Hydroplex Gal.,simple,https://hmoonhydro.com/wp-content/uploads/2019/08/Hydroplex_GalB.png,hmoonhydro.com\wp-content\uploads\2019\08\Hydroplex_GalB.png,PRODUCT_ABSENT_FROM_FEB12,
hmh01177,Liquid Karma Gal.,simple,https://hmoonhydro.com/wp-content/uploads/2019/08/LK_GalB.png,hmoonhydro.com\wp-content\uploads\2019\08\LK_GalB.png,PRODUCT_ABSENT_FROM_FEB12,
hmh01180,Cal-Mag Plus Gal.,simple,https://hmoonhydro.com/wp-content/uploads/2019/08/CalMag_GalB.png,hmoonhydro.com\wp-content\uploads\2019\08\CalMag_GalB.png,PRODUCT_ABSENT_FROM_FEB12,
hmh01182,Clearex Gal.,simple,https://hmoonhydro.com/wp-content/uploads/2019/08/Clearex_GalB.png,hmoonhydro.com\wp-content\uploads\2019\08\Clearex_GalB.png,PRODUCT_ABSENT_FROM_FEB12,
hmh01184,Silica Blast Gal.,simple,https://hmoonhydro.com/wp-content/uploads/2019/08/SilicaBlast_GalB.png,hmoonhydro.com\wp-content\uploads\2019\08\SilicaBlast_GalB.png,PRODUCT_ABSENT_FROM_FEB12,
hmh01228,B'Cuzz CoCo Nutrition Componet A 5L,simple,https://hmoonhydro.com/wp-content/uploads/2019/08/bcuzz-coco-a-b.jpg,hmoonhydro.com\wp-content\uploads\2019\08\bcuzz-coco-a-b.jpg,PRODUCT_ABSENT_FROM_FEB12,
hmh01229,B'Cuzz CoCo Nutrition Componet B 5L,simple,https://hmoonhydro.com/wp-content/uploads/2019/08/bcuzz-coco-a-b.jpg,hmoonhydro.com\wp-content\uploads\2019\08\bcuzz-coco-a-b.jpg,PRODUCT_ABSENT_FROM_FEB12,
hmh01660,Humboldt Nutrients S.I. Structural Integrity Gal.,simple,https://hmoonhydro.com/wp-content/uploads/2019/08/HN-SI.jpg||https://hmoonhydro.com/wp-content/uploads/2019/08/humboldt_sea-cal.jpg,hmoonhydro.com\wp-content\uploads\2019\08\humboldt_sea-cal.jpg,PRODUCT_ABSENT_FROM_FEB12,
hmh01762,SilICIUM 500 ml,simple,https://hmoonhydro.com/wp-content/uploads/2019/08/Silicium.jpg,hmoonhydro.com\wp-content\uploads\2019\08\Silicium.jpg,PRODUCT_ABSENT_FROM_FEB12,
hmh01763,SiLICIUM QTS.,simple,https://hmoonhydro.com/wp-content/uploads/2019/08/Silicium-website-image.jpg,hmoonhydro.com\wp-content\uploads\2019\08\Silicium-website-image.jpg,PRODUCT_ABSENT_FROM_FEB12,
hmh01856,CALNESIUM Defficiency Correction Supplemnt Gal,simple,https://hmoonhydro.com/wp-content/uploads/2019/08/Calnesium-2.jpg,hmoonhydro.com\wp-content\uploads\2019\08\Calnesium-2.jpg,PRODUCT_ABSENT_FROM_FEB12,
hmh00046,Blossom Builder Tabzz,simple,,,NO_IMAGE_EVER,blossom-builder-tabzz
hmh00522,4 in. Air Cooled Fittings (2/pk),simple,,,NO_IMAGE_EVER,4-in-air-cooled-fittings-2-pk
hmh00629,Mechanical Timers,simple,,,NO_IMAGE_EVER,mechanical-timers
hmh00758,TRIMBOX,simple,,hmoonhydro.com\wp-content\uploads\2019\08\trimbox-1200x1480.jpg,NO_IMAGE_EVER,trimbox
hmh00803,hose clamps,variable,,,NO_IMAGE_EVER,hose-clamps
hmh00818,The Rack- Collapsible Drying System,simple,,,NO_IMAGE_EVER,the-rack-collapsible-drying-system
hmh00855,HPS Alto Agrolite XT 140000 lumens,simple,,,NO_IMAGE_EVER,hps-alto-agrolite-xt-140000-lumens
hmh00869,"Plantmax . 72K MH High Output 90,000 lumens",simple,,,NO_IMAGE_EVER,plantmax-72k-mh-high-output-90-000-lumens
hmh00870,"Plantmax . HPS High Output 29,000 lumens",simple,,,NO_IMAGE_EVER,plantmax-hps-high-output-29-000-lumens
hmh00871,"Plantmax . HPS High Output 50,000 lumens",simple,,,NO_IMAGE_EVER,plantmax-hps-high-output-50-000-lumens
hmh00872,"Plantmax 430W. HPS High Output 58,000 lumens",simple,,,NO_IMAGE_EVER,plantmax-430w-hps-high-output-58-000-lumens
hmh00873,"Plantmax . HPS High Output 90,000 lumens",simple,,,NO_IMAGE_EVER,plantmax-hps-high-output-90-000-lumens
hmh00875,"Plantmax 220W. HPS Conversion 25,000 lumens",simple,,,NO_IMAGE_EVER,plantmax-220w-hps-conversion-25-000-lumens
hmh00876,"Plantmax 360W. HPS Conversion 45,000 lumens",simple,,,NO_IMAGE_EVER,plantmax-360w-hps-conversion-45-000-lumens
hmh00918,mag drive pump filter,simple,,,NO_IMAGE_EVER,mag-drive-pump-filter
hmh00933,24 Hour Clock Timers,simple,,,NO_IMAGE_EVER,24-hour-clock-timers
hmh00940,ON/OFF Switcher 120V,simple,,,NO_IMAGE_EVER,on-off-switcher-120v
hmh00954,SMALL BOY SEDIMENT REPLACEMENT,simple,,,NO_IMAGE_EVER,small-boy-sediment-replacement
hmh00976,pH probe electrode 3' lead wire,simple,,,NO_IMAGE_EVER,ph-probe-electrode-3-lead-wire
hmh01123,"Plantmax . HPS High Output 16,000 lumens",simple,,,NO_IMAGE_EVER,plantmax-hps-high-output-16-000-lumens
hmh01124,"Plantmax 750W. HPS High Output 106,000 lumens",simple,,,NO_IMAGE_EVER,plantmax-750w-hps-high-output-106-000-lumens
hmh01245,"Hurricane Inline Fan 6""",simple,,,NO_IMAGE_EVER,hurricane-inline-fan-6
hmh01261,EcoPlus 185 GPH,simple,,,NO_IMAGE_EVER,ecoplus-185-gph
hmh01263,EcoPlus 396 GPH,simple,,,NO_IMAGE_EVER,ecoplus-396-gph
hmh01264,EcoPlus 633 GPH,simple,,,NO_IMAGE_EVER,ecoplus-633-gph
hmh01271,Grow it Clay stone 10 lters,grouped,,,NO_IMAGE_EVER,grow-it-clay-stone-10-lters
hmh01287,EJ Meta K,variable,,,NO_IMAGE_EVER,ej-meta-k
hmh01301,Bond 3-Way Soil Meter,simple,,,NO_IMAGE_EVER,bond-3-way-soil-meter
hmh01314,Eco Air-2 Two Outlet,simple,,,NO_IMAGE_EVER,eco-air-2-two-outlet
hmh01316,Eco Commercial Air-3,simple,,,NO_IMAGE_EVER,eco-commercial-air-3
hmh01317,Eco Commercial Air-5,simple,,,NO_IMAGE_EVER,eco-commercial-air-5
hmh01320,Digital Timers,grouped,,,NO_IMAGE_EVER,digital-timers
hmh01329,"14"" Can-Duct Premium 3-ply Ducting w/ clamps",simple,,,NO_IMAGE_EVER,14-can-duct-premium-3-ply-ducting-w-clamps
hmh01334,"12"" x 18"" x 3"" Storage Bag (ziploc)",simple,,,NO_IMAGE_EVER,12-x-18-x-3-storage-bag-ziploc
hmh01352,ONA Spray,grouped,,,NO_IMAGE_EVER,ona-spray
hmh01359,Clonex Mist 100ml Spray Bottle,simple,,,NO_IMAGE_EVER,clonex-mist-100ml-spray-bottle
hmh01397,Hygeia's Hydration,grouped,,,NO_IMAGE_EVER,hygeia-s-hydration
hmh01400,Medusa's Magic,grouped,,,NO_IMAGE_EVER,medusa-s-magic
hmh01404,Mega Morpheus,grouped,,,NO_IMAGE_EVER,mega-morpheus
hmh01410,Posiedonzyme,variable,,,NO_IMAGE_EVER,posiedonzyme
hmh01412,Tritan's Trawl,grouped,,,NO_IMAGE_EVER,tritan-s-trawl
hmh01417,Heat Mat Single Tray,simple,,,NO_IMAGE_EVER,heat-mat-single-tray
hmh01419,Heat Mat Thermostat,simple,,,NO_IMAGE_EVER,heat-mat-thermostat
hmh01482,Sunblaster T5 Strip Connector,simple,,,NO_IMAGE_EVER,sunblaster-t5-strip-connector
hmh01490,Drying Rack - 4 Tier,simple,,,NO_IMAGE_EVER,drying-rack-4-tier
hmh01531,5 /3 Bag Kit,simple,,,NO_IMAGE_EVER,5-3-bag-kit
hmh01556,CocoTek grow A Qts.,simple,,,NO_IMAGE_EVER,cocotek-grow-a-qts
hmh01557,CocoTek Grow B Qts.,simple,,,NO_IMAGE_EVER,cocotek-grow-b-qts
hmh01559,Cocotek Bloom B Qts,simple,,,NO_IMAGE_EVER,cocotek-bloom-b-qts
hmh01597,Accurate pH 4 w/remote probe,simple,,,NO_IMAGE_EVER,accurate-ph-4-w-remote-probe
hmh01685,Plagron Cocos A 5 liter,simple,,,NO_IMAGE_EVER,plagron-cocos-a-5-liter
hmh01687,Plagron Cocos B  5 liter,simple,,,NO_IMAGE_EVER,plagron-cocos-b-5-liter
hmh01710,GREENPOWERLUNIMAIRES -315 REMOTE ballast,simple,,,NO_IMAGE_EVER,greenpowerlunimaires-315-remote-ballast
hmh01733,"Plantmax 1000W. 72K MH High Output 90,000 lumens",simple,,,NO_IMAGE_EVER,plantmax-1000w-72k-mh-high-output-90-000-lumens
hmh01744,HydroDynamics Clonex Mist 100 ml,simple,,,NO_IMAGE_EVER,hydrodynamics-clonex-mist-100-ml
hmh01752,Clonex Mycorrhizae Root Maximizer 4 OZ Soluble,simple,,,NO_IMAGE_EVER,clonex-mycorrhizae-root-maximizer-4-oz-soluble
hmh01753,Clonex Mycorrhizae Root Maximizer 8 OZ Soluble,simple,,,NO_IMAGE_EVER,clonex-mycorrhizae-root-maximizer-8-oz-soluble
hmh01757,standard 3.5 gallon black bucket,simple,,,NO_IMAGE_EVER,standard-3-5-gallon-black-bucket
hmh01771,ROSIN PRO PRESS Auto Electirc,simple,,,NO_IMAGE_EVER,rosin-pro-press-auto-electirc
hmh01773,ROSIN PRO PRESS CO. Pneumatic Dual Element,simple,,,NO_IMAGE_EVER,rosin-pro-press-co-pneumatic-dual-element
hmh01775,ROSIN PRO PRESS CO. Manual,simple,,,NO_IMAGE_EVER,rosin-pro-press-co-manual
hmh01777,ROSIN PRO PRESS CO.Pneumatic,simple,,,NO_IMAGE_EVER,rosin-pro-press-co-pneumatic
2799,Apple Crumble 6oz,simple,,,NO_IMAGE_EVER,apple-crumble-6oz
2344,Azaguard 32oz,simple,,,NO_IMAGE_EVER,azaguard-32oz
1615,Cal-Pow,variable,,,NO_IMAGE_EVER,cal-pow
3459,F.F. Air Bleed Valve 3/4 cs/6,simple,,,NO_IMAGE_EVER,f-f-air-bleed-valve-3-4-cs-6
1746,Flame Defender 2kg,simple,,,NO_IMAGE_EVER,flame-defender-2kg
3419,FloraFlex - Stacker,variable,,,NO_IMAGE_EVER,floraflex-stacker
3169,FloraFlex 6 in PotPro Pot,simple,,,NO_IMAGE_EVER,floraflex-6-in-potpro-pot
2548,FloraFlex 8 in FloraCap 2.0,simple,,,NO_IMAGE_EVER,floraflex-8-in-floracap-2-0
3426,Fox Farm Ph UP 32oz,simple,,,NO_IMAGE_EVER,fox-farm-ph-up-32oz
2048,Graduated Cylinder 500 ml,simple,,,NO_IMAGE_EVER,graduated-cylinder-500-ml
hmh-gro-feue8i,Grodan Hugo - 6in x 6in x 6in - Pre-Cut Holes,simple,,,NO_IMAGE_EVER,grodan-hugo-6in-x-6in-x-6in-pre-cut-holes
3482,HYGROBEN 500mL,simple,,,NO_IMAGE_EVER,hygroben-500ml
162,Liquified Seaweed +Iron Lt,simple,,,NO_IMAGE_EVER,liquified-seaweed-iron-lt
3453,MontereyBT R.T.U.32oz,simple,,,NO_IMAGE_EVER,montereybt-r-t-u-32oz
513,Oasis 1 1/Sheet 50ct,simple,,,NO_IMAGE_EVER,oasis-1-1-sheet-50ct
3434,"PARAGRO Jumbo, x 6x4",simple,,,NO_IMAGE_EVER,paragro-jumbo-x-6x4
1600,Plantroids Gel,variable,,,NO_IMAGE_EVER,plantroids-gel
2163,Rootbastic,variable,,,NO_IMAGE_EVER,rootbastic
256,Scorpion Juice Lt,simple,,,NO_IMAGE_EVER,scorpion-juice-lt
1930,Seaweed Extract 1Lt,simple,,,NO_IMAGE_EVER,seaweed-extract-1lt
3332,Single-Use 6 in FloraCap®,simple,,,NO_IMAGE_EVER,single-use-6-in-floracap
3385,Sugar Peak 32oz Vegetative3-1-5,simple,,,NO_IMAGE_EVER,sugar-peak-32oz-vegetative3-1-5
2564,Vita Race,variable,,,NO_IMAGE_EVER,vita-race
851,10 ml lock syringe,simple,,,NO_IMAGE_EVER,10-ml-lock-syringe
1811,10-Outlet Plastic Manifold,simple,,,NO_IMAGE_EVER,10-outlet-plastic-manifold
3335,132 Bottom Draw pump132 GPH,simple,,,NO_IMAGE_EVER,132-bottom-draw-pump132-gph
1418,16/ 9-Pattern Rain Wand,simple,,,NO_IMAGE_EVER,16-9-pattern-rain-wand
1464,20gal Reservoir Bottom,simple,,,NO_IMAGE_EVER,20gal-reservoir-bottom
1465,20gal Reservoir Lid,simple,,,NO_IMAGE_EVER,20gal-reservoir-lid
2272,220 Single Mesh extract,simple,,,NO_IMAGE_EVER,220-single-mesh-extract
2874,25 mesh bubble bag 5,simple,,,NO_IMAGE_EVER,25-mesh-bubble-bag-5
1982,3/4  tee,simple,,,NO_IMAGE_EVER,3-4-tee
1032,3/inlet,simple,,,NO_IMAGE_EVER,3-inlet
2115,3/Thru H0le,simple,,,NO_IMAGE_EVER,3-thru-h0le
3074,3/to 1/2/'compresion coupler,simple,,,NO_IMAGE_EVER,3-to-1-2-compresion-coupler
2611,3/to 1/Reducer Fitting,simple,,,NO_IMAGE_EVER,3-to-1-reducer-fitting
827,3/Tub Outlet/in- let Fitting,simple,,,NO_IMAGE_EVER,3-tub-outlet-in-let-fitting
3234,35 Site Psycloner Pro Aeroponic,simple,,,NO_IMAGE_EVER,35-site-psycloner-pro-aeroponic
3290,4 TraySeedling Heat Mat 21/48,simple,,,NO_IMAGE_EVER,4-trayseedling-heat-mat-21-48
2490,4 Way Dripper Stake Assembly 48,simple,,,NO_IMAGE_EVER,4-way-dripper-stake-assembly-48
1808,4-Outlet Plastic Manifold,simple,,,NO_IMAGE_EVER,4-outlet-plastic-manifold
1467,40gal Reservoir Lid,simple,,,NO_IMAGE_EVER,40gal-reservoir-lid
1809,6-Outlet Plastic Manifold,simple,,,NO_IMAGE_EVER,6-outlet-plastic-manifold
3235,70 Site Psycloner Aeroponic DWC,simple,,,NO_IMAGE_EVER,70-site-psycloner-aeroponic-dwc
1707,AeroFlo drain valve,simple,,,NO_IMAGE_EVER,aeroflo-drain-valve
482,AEROFLO Float Valve,simple,,,NO_IMAGE_EVER,aeroflo-float-valve
3484,Aeromixer Moves 1600GPH,simple,,,NO_IMAGE_EVER,aeromixer-moves-1600gph
1903,Agro LED 48 Srtip w/ ref,simple,,,NO_IMAGE_EVER,agro-led-48-srtip-w-ref
3340,AgroLED Sun 28 & Sun 48 LED 65K,simple,,,NO_IMAGE_EVER,agroled-sun-28-sun-48-led-65k
1568,Agromax MH Warm,simple,,,NO_IMAGE_EVER,agromax-mh-warm
2302,Air Stone (FHD),simple,,,NO_IMAGE_EVER,air-stone-fhd
907,Air Stone 4,simple,,,NO_IMAGE_EVER,air-stone-4
3446,Airstone med. round,simple,,,NO_IMAGE_EVER,airstone-med-round
3499,Armory Beneficial,simple,,,NO_IMAGE_EVER,armory-beneficial
3292,Autopot 4 pot /12 .res,simple,,,NO_IMAGE_EVER,autopot-4-pot-12-res
1531,Auxilary Trolly,variable,,,NO_IMAGE_EVER,auxilary-trolly
1079,AzaSol™ .75,simple,,,NO_IMAGE_EVER,azasol-75
2329,Bamboo Stake 6',simple,,,NO_IMAGE_EVER,bamboo-stake-6
2005,Bamboo Stakes 4',simple,,,NO_IMAGE_EVER,bamboo-stakes-4
3354,BC-RB6 ROX 4x4x2.5/36 216 pices,simple,,,NO_IMAGE_EVER,bc-rb6-rox-4x4x2-5-36-216-pices
2852,Beldon Jumbo Sq. 5.5x5.5x6,simple,,,NO_IMAGE_EVER,beldon-jumbo-sq-5-5x5-5x6
1405,Beyond Buds by Ed Rosenthal,simple,,,NO_IMAGE_EVER,beyond-buds-by-ed-rosenthal
3604,BISON COMPOST 4,simple,,,NO_IMAGE_EVER,bison-compost-4
3537,BISON EXTRACT LIQUIDCOMPOST 250,simple,,,NO_IMAGE_EVER,bison-extract-liquidcompost-250
3622,BISONSEED COAT ENDOPHYTES1/,simple,,,NO_IMAGE_EVER,bisonseed-coat-endophytes1
hmh-sed-soiwbo,Black Toffee Auto (Feminised) Larry Bubba x Gelato #41 Auto -5 Seed,simple,,,NO_IMAGE_EVER,black-toffee-auto-feminised-larry-bubba-x-gelato-41-auto-5-seed
3598,BLOND / TriClone-HASH 10-Grams,simple,,,NO_IMAGE_EVER,blond-triclone-hash-10-grams
2239,Blumat Patio & Deck Set,simple,,,NO_IMAGE_EVER,blumat-patio-deck-set
1791,Bond Bamboo 4 ft - 25/Bag,simple,,,NO_IMAGE_EVER,bond-bamboo-4-ft-25-bag
1962,Bond Bamboo Stakes 2' (25PK),simple,,,NO_IMAGE_EVER,bond-bamboo-stakes-2-25pk
1181,Bond Moisture,simple,,,NO_IMAGE_EVER,bond-moisture
2334,Bond Precision Tip Pruner,simple,,,NO_IMAGE_EVER,bond-precision-tip-pruner
1231,Bonide® Measuring Cup 4,simple,,,NO_IMAGE_EVER,bonide-measuring-cup-4
640,Boveda 67g 2-WayHumidity 62%,variable,,,NO_IMAGE_EVER,boveda-67g-2-wayhumidity-62
638,Boveda 8g 2-Way Humidity 62%,simple,,,NO_IMAGE_EVER,boveda-8g-2-way-humidity-62
825,C.A.P. 1/Fill & DrainFitting,simple,,,NO_IMAGE_EVER,c-a-p-1-fill-drainfitting
1099,CAN Fan 4,variable,,,NO_IMAGE_EVER,can-fan-4
1101,CAN-Fan 6,variable,,,NO_IMAGE_EVER,can-fan-6
1103,CAN-Fan 8,variable,,,NO_IMAGE_EVER,can-fan-8
1100,CAN-Fan HO,variable,,,NO_IMAGE_EVER,can-fan-ho
3249,CandyFlip 60%S/40%I-28%,simple,,,NO_IMAGE_EVER,candyflip-60-s-40-i-28
435,CanFan TCL 6HO 120v,simple,,,NO_IMAGE_EVER,canfan-tcl-6ho-120v
1242,CD-12LP Co2 Generator,simple,,,NO_IMAGE_EVER,cd-12lp-co2-generator
1272,CD-18LP Co2 Generator,simple,,,NO_IMAGE_EVER,cd-18lp-co2-generator
1271,CD-18NG Co2 Generator,simple,,,NO_IMAGE_EVER,cd-18ng-co2-generator
1248,CDM-6000 CO2 Monitor,simple,,,NO_IMAGE_EVER,cdm-6000-co2-monitor
307,Cha Ching 9 - 50 - 10,variable,,,NO_IMAGE_EVER,cha-ching-9-50-10
hmh-sed-5buexz,CHEMDOG ( feminized ) 5 seed,simple,,,NO_IMAGE_EVER,chemdog-feminized-5-seed
1824,Classic 100,variable,,,NO_IMAGE_EVER,classic-100
957,Classic 1200 /3Gal,simple,,,NO_IMAGE_EVER,classic-1200-3gal
1710,Classic 1600/ 3.4G,simple,,,NO_IMAGE_EVER,classic-1600-3-4g
2529,Classic 2100/ 5,simple,,,NO_IMAGE_EVER,classic-2100-5
3585,Classic 2800 /7,simple,,,NO_IMAGE_EVER,classic-2800-7
951,Classic 300,simple,,,NO_IMAGE_EVER,classic-300
952,Classic 350,simple,,,NO_IMAGE_EVER,classic-350
953,Classic 400,simple,,,NO_IMAGE_EVER,classic-400
954,Classic 600,simple,,,NO_IMAGE_EVER,classic-600
955,Classic 900,simple,,,NO_IMAGE_EVER,classic-900
3583,Classis 2800/ 7,simple,,,NO_IMAGE_EVER,classis-2800-7
hmh-pro-wx9512,CLONES,simple,,,NO_IMAGE_EVER,clones
854,Clonex 15ml Packet,simple,,,NO_IMAGE_EVER,clonex-15ml-packet
3492,Clonex 32 gell,simple,,,NO_IMAGE_EVER,clonex-32-gell
3040,Clonex propagation packet 20 mL,simple,,,NO_IMAGE_EVER,clonex-propagation-packet-20-ml
990,CO2 and Temperature Monitor,simple,,,NO_IMAGE_EVER,co2-and-temperature-monitor
1742,Co2 Tank Purchase,simple,,,NO_IMAGE_EVER,co2-tank-purchase
1741,Co2 Tank Refill,simple,,,NO_IMAGE_EVER,co2-tank-refill
1926,CO2R SCo2,simple,,,NO_IMAGE_EVER,co2r-sco2
2258,Covert Tank 33,simple,,,NO_IMAGE_EVER,covert-tank-33
2259,Covert Tank 66,simple,,,NO_IMAGE_EVER,covert-tank-66
1188,Cow Pot 4 /12 per,simple,,,NO_IMAGE_EVER,cow-pot-4-12-per
1927,CT-CT-3P,variable,,,NO_IMAGE_EVER,ct-ct-3p
1260,CT-DH-1 Thermostat & Dehumid,simple,,,NO_IMAGE_EVER,ct-dh-1-thermostat-dehumid
1261,CT-DH-2 Independent 4 Outlet,simple,,,NO_IMAGE_EVER,ct-dh-2-independent-4-outlet
1262,CT-DH-3 Syncronized Therm/Dehum,simple,,,NO_IMAGE_EVER,ct-dh-3-syncronized-therm-dehum
1263,CT-DH-3P w/ Photosensor,simple,,,NO_IMAGE_EVER,ct-dh-3p-w-photosensor
1840,CT-DH-3X,simple,,,NO_IMAGE_EVER,ct-dh-3x
1253,CT-HT-2 Independent Thermostats,simple,,,NO_IMAGE_EVER,ct-ht-2-independent-thermostats
3364,CycoDr.Repair(3-0-0)treat chlor,simple,,,NO_IMAGE_EVER,cycodr-repair-3-0-0-treat-chlor
693,Dayton Axial Fan,simple,,,NO_IMAGE_EVER,dayton-axial-fan
3489,Dirt Defense 6mil Nitrile Glove,simple,,,NO_IMAGE_EVER,dirt-defense-6mil-nitrile-glove
3567,Dirty Laundry/GMO & Cookies,simple,,,NO_IMAGE_EVER,dirty-laundry-gmo-cookies
hmh-lit-htzkkt,DLI-DIODE-Series-LED Toplighting LED Fixture (Long),simple,,,NO_IMAGE_EVER,dli-diode-series-led-toplighting-led-fixture-long
1409,Dolly Bk 24 in Round w-Drain,simple,,,NO_IMAGE_EVER,dolly-bk-24-in-round-w-drain
3513,Drop Air X Humidifiers 200 pts,simple,,,NO_IMAGE_EVER,drop-air-x-humidifiers-200-pts
3528,DTE Feather Meal12 - 0 - 0/4,simple,,,NO_IMAGE_EVER,dte-feather-meal12-0-0-4
3297,DTE- Insect Frass -3-1-1,simple,,,NO_IMAGE_EVER,dte-insect-frass-3-1-1
3094,Duoble-Ended MH 10K,simple,,,NO_IMAGE_EVER,duoble-ended-mh-10k
3112,"DuraBreeze Pedestal Fan, 18",simple,,,NO_IMAGE_EVER,durabreeze-pedestal-fan-18
3020,Duralastics Tray 2 ft x 4 ft ID,simple,,,NO_IMAGE_EVER,duralastics-tray-2-ft-x-4-ft-id
751,Earthshine Biochar Blend 5,simple,,,NO_IMAGE_EVER,earthshine-biochar-blend-5
2231,Eco Air-2 Two Outlet,simple,,,NO_IMAGE_EVER,eco-air-2-two-outlet
906,Eco Air-8/380.4 gph,simple,,,NO_IMAGE_EVER,eco-air-8-380-4-gph
845,Eco Commercial Air-3,simple,,,NO_IMAGE_EVER,eco-commercial-air-3
846,Eco Commercial Air-5,simple,,,NO_IMAGE_EVER,eco-commercial-air-5
904,Eco Supreme Air-2,simple,,,NO_IMAGE_EVER,eco-supreme-air-2
905,Eco Supreme Air-4,simple,,,NO_IMAGE_EVER,eco-supreme-air-4
3380,ECOWORKS EC® . OMRI,simple,,,NO_IMAGE_EVER,ecoworks-ec-omri
1570,EYE 220w HPS Conevrsion,simple,,,NO_IMAGE_EVER,eye-220w-hps-conevrsion
1712,EZ Stor Lid for 8,simple,,,NO_IMAGE_EVER,ez-stor-lid-for-8
1711,EZ Stor™ Container 8,simple,,,NO_IMAGE_EVER,ez-stor-container-8
3544,Fermented vegetative canna 250,simple,,,NO_IMAGE_EVER,fermented-vegetative-canna-250
1249,FF0-10 Flat Whisper Fan 10,simple,,,NO_IMAGE_EVER,ff0-10-flat-whisper-fan-10
911,FHD 14 Heavey duty Saucers,simple,,,NO_IMAGE_EVER,fhd-14-heavey-duty-saucers
896,FHD heavey duty Saucers,simple,,,NO_IMAGE_EVER,fhd-heavey-duty-saucers
1331,FHD. 17 Heavy- saucers,simple,,,NO_IMAGE_EVER,fhd-17-heavy-saucers
824,Fitting Washer,simple,,,NO_IMAGE_EVER,fitting-washer
1014,Float Valve 1/Stealth RO,simple,,,NO_IMAGE_EVER,float-valve-1-stealth-ro
2474,FloraFlex Air Bleed Valve 3/4,simple,,,NO_IMAGE_EVER,floraflex-air-bleed-valve-3-4
2549,FloraFlex FloraClip 2.0(1=12/pk,simple,,,NO_IMAGE_EVER,floraflex-floraclip-2-0-1-12-pk
3481,FloraFlex Pot Pro 5 G,simple,,,NO_IMAGE_EVER,floraflex-pot-pro-5-g
2518,FoxFarm Flowers Kiss,simple,,,NO_IMAGE_EVER,foxfarm-flowers-kiss
3554,Froot by Foot Auto 36.1%,simple,,,NO_IMAGE_EVER,froot-by-foot-auto-36-1
3505,Ful acidsVtype fulvics acids,simple,,,NO_IMAGE_EVER,ful-acidsvtype-fulvics-acids
29,G-10- Gravity,variable,,,NO_IMAGE_EVER,g-10-gravity
3239,G.H T.S./Isecticide/Mites/Fung,simple,,,NO_IMAGE_EVER,g-h-t-s-isecticide-mites-fung
1454,G.P.Level Pot Elevator - 13 in,variable,,,NO_IMAGE_EVER,g-p-level-pot-elevator-13-in
2805,Gardeneer Trellis Netting 5x30,simple,,,NO_IMAGE_EVER,gardeneer-trellis-netting-5x30
1670,Gavita 6/750watt 400 V. EL DE,simple,,,NO_IMAGE_EVER,gavita-6-750watt-400-v-el-de
2406,Gavita Pro . 400 V EL D/E,simple,,,NO_IMAGE_EVER,gavita-pro-400-v-el-d-e
1919,Gavita Pro 900e LED 120-277V,simple,,,NO_IMAGE_EVER,gavita-pro-900e-led-120-277v
hmh-sed-5wydct,GMO OG-Auto – Seed-8 Pack,simple,,,NO_IMAGE_EVER,gmo-og-auto-seed-8-pack
887,Gringo Rasta® Rhize Mycorrh,simple,,,NO_IMAGE_EVER,gringo-rasta-rhize-mycorrh
2391,Grodan A-Ok Starters 1,simple,,,NO_IMAGE_EVER,grodan-a-ok-starters-1
1459,Grodan Gro 6 x 6 x 6 HUGO,simple,,,NO_IMAGE_EVER,grodan-gro-6-x-6-x-6-hugo
hmh-gro-584fmg,"Grodan Gro-Block Improved Jumbo with Hole, x 6 x 4 - Case of 64",simple,,,NO_IMAGE_EVER,grodan-gro-block-improved-jumbo-with-hole-x-6-x-4-case-of-64
2830,Grodan Growcubes Box,simple,,,NO_IMAGE_EVER,grodan-growcubes-box
3456,Grodon Hugo 6/Cs.- 64,simple,,,NO_IMAGE_EVER,grodon-hugo-6-cs-64
771,Grodon R/W lg bag,variable,,,NO_IMAGE_EVER,grodon-r-w-lg-bag
3596,Grove TERP LOCK 1/2 0z,simple,,,NO_IMAGE_EVER,grove-terp-lock-1-2-0z
1417,Gypsum 6,simple,,,NO_IMAGE_EVER,gypsum-6
286,H-2 Lt,simple,,,NO_IMAGE_EVER,h-2-lt
810,H2O - air disc,simple,,,NO_IMAGE_EVER,h2o-air-disc
1960,Hanna 1382 ppm Packet,simple,,,NO_IMAGE_EVER,hanna-1382-ppm-packet
hmh-sed-kcwwrf,Hawaiian Snow (Feminised) Hawaiian sativa x Laos,simple,,,NO_IMAGE_EVER,hawaiian-snow-feminised-hawaiian-sativa-x-laos
1875,HCT-1,variable,,,NO_IMAGE_EVER,hct-1
1227,HF-1 Relay w/ Humidistat,simple,,,NO_IMAGE_EVER,hf-1-relay-w-humidistat
hmh-sed-trns48,Holy Punch (Feminised) The Church x Grape Photo 5 Seed,simple,,,NO_IMAGE_EVER,holy-punch-feminised-the-church-x-grape-photo-5-seed
2645,Hortilux400WHPS Enhanced Specs,simple,,,NO_IMAGE_EVER,hortilux400whps-enhanced-specs
3564,Huckleberry Pie F-65 day,simple,,,NO_IMAGE_EVER,huckleberry-pie-f-65-day
3088,Hydrometer/Clock/Humidity,variable,,,NO_IMAGE_EVER,hydrometer-clock-humidity
518,Illuminated Microscope 60-100x,simple,,,NO_IMAGE_EVER,illuminated-microscope-60-100x
3495,IndustrialGradeHumidifier 200pt,simple,,,NO_IMAGE_EVER,industrialgradehumidifier-200pt
1044,Insect Frass™ 2 - 2 - 2,simple,,,NO_IMAGE_EVER,insect-frass-2-2-2
1228,IR-1 Interfacing Relay,simple,,,NO_IMAGE_EVER,ir-1-interfacing-relay
2157,Irrigation Octa-Bubbler 2gph ea,simple,,,NO_IMAGE_EVER,irrigation-octa-bubbler-2gph-ea
2470,Irrigation Riser Assembly/W-Tee,simple,,,NO_IMAGE_EVER,irrigation-riser-assembly-w-tee
hmh-sed-36y8wx,King's Juice (Feminised) Mimosa x King's Kush-5 Seed,simple,,,NO_IMAGE_EVER,king-s-juice-feminised-mimosa-x-king-s-kush-5-seed
2822,Langbeinite (Sul-Po-Mag) 0-0-22,simple,,,NO_IMAGE_EVER,langbeinite-sul-po-mag-0-0-22
2917,LightRail Hanging Bracket tents,simple,,,NO_IMAGE_EVER,lightrail-hanging-bracket-tents
1287,LP10 Co2 Generator 10-Burner,simple,,,NO_IMAGE_EVER,lp10-co2-generator-10-burner
1286,LP5 Co2 Generator 5-Burner,simple,,,NO_IMAGE_EVER,lp5-co2-generator-5-burner
2844,M.E.- Sugar Load Heavy Brix Mol,simple,,,NO_IMAGE_EVER,m-e-sugar-load-heavy-brix-mol
3404,Macroplugs 1.5 Roundx1.57 Box,simple,,,NO_IMAGE_EVER,macroplugs-1-5-roundx1-57-box
1541,Mad Farmer 0 - 52 - 32,variable,,,NO_IMAGE_EVER,mad-farmer-0-52-32
1894,MAMMOTH® CANNCONTROL,simple,,,NO_IMAGE_EVER,mammoth-canncontrol
2134,Maxell LR1130 Battery,simple,,,NO_IMAGE_EVER,maxell-lr1130-battery
1450,Membrane Evolution,simple,,,NO_IMAGE_EVER,membrane-evolution
1020,Membrane for Merlin GP,simple,,,NO_IMAGE_EVER,membrane-for-merlin-gp
1946,Merlin GP Float Valve Kit,simple,,,NO_IMAGE_EVER,merlin-gp-float-valve-kit
hmh-sed-ho2a65,Money Maker (Feminised) Original Master Kush x Hindu Kush x Skunk-5 Seed,simple,,,NO_IMAGE_EVER,money-maker-feminised-original-master-kush-x-hindu-kush-x-skunk-5-seed
3474,Monterey B.t. biological,simple,,,NO_IMAGE_EVER,monterey-b-t-biological
818,Neoprene (Thick),simple,,,NO_IMAGE_EVER,neoprene-thick
3195,Netafim 2 Way Dripper Stake 48,simple,,,NO_IMAGE_EVER,netafim-2-way-dripper-stake-48
3460,Netafim 4 Way 48 Drippes 25/pk,simple,,,NO_IMAGE_EVER,netafim-4-way-48-drippes-25-pk
2475,Netafim Angle Barbed Stake,simple,,,NO_IMAGE_EVER,netafim-angle-barbed-stake
3457,Netafim2 Wa. DripperStake 48cs,simple,,,NO_IMAGE_EVER,netafim2-wa-dripperstake-48cs
hmh-sed-by9e94,Neville's Haze (Feminised) Almost pure Haze Landrace 5 Seed,simple,,,NO_IMAGE_EVER,neville-s-haze-feminised-almost-pure-haze-landrace-5-seed
3179,NG Generator CO2 4 burner,simple,,,NO_IMAGE_EVER,ng-generator-co2-4-burner
175,Nitrozime,variable,,,NO_IMAGE_EVER,nitrozime
2575,Noise Reduction Clamp 4,simple,,,NO_IMAGE_EVER,noise-reduction-clamp-4
2576,Noise Reduction Clamp 6,simple,,,NO_IMAGE_EVER,noise-reduction-clamp-6
2577,Noise Reduction Clamp 8,simple,,,NO_IMAGE_EVER,noise-reduction-clamp-8
3111,"Nursery Pot, 20",simple,,,NO_IMAGE_EVER,nursery-pot-20
1850,NX Level Pot Elevator - 13 in,simple,,,NO_IMAGE_EVER,nx-level-pot-elevator-13-in
1851,NX Level Pot Elevator - 16 in,simple,,,NO_IMAGE_EVER,nx-level-pot-elevator-16-in
1895,NX Level Pot Elevator - 18.5 in,simple,,,NO_IMAGE_EVER,nx-level-pot-elevator-18-5-in
512,Oasis 102ct Wedge Tray,simple,,,NO_IMAGE_EVER,oasis-102ct-wedge-tray
2196,Oasis Rootcubes 1.5 Sheet,simple,,,NO_IMAGE_EVER,oasis-rootcubes-1-5-sheet
2195,Oasis Rootcubes Sheet,simple,,,NO_IMAGE_EVER,oasis-rootcubes-sheet
859,Olivia's Cloning Gel,variable,,,NO_IMAGE_EVER,olivia-s-cloning-gel
3226,One Touch™ Rain Wand - 16in L,simple,,,NO_IMAGE_EVER,one-touch-rain-wand-16in-l
308,Open Sesame 5 - 45 - 19,variable,,,NO_IMAGE_EVER,open-sesame-5-45-19
2209,Organicare True Earth PotMix1.7,simple,,,NO_IMAGE_EVER,organicare-true-earth-potmix1-7
409,Osillating wall fan,simple,,,NO_IMAGE_EVER,osillating-wall-fan
1285,OSW On/Off Switch,simple,,,NO_IMAGE_EVER,osw-on-off-switch
2099,OXO Big Scoop,simple,,,NO_IMAGE_EVER,oxo-big-scoop
1551,ParaLux D/E,variable,,,NO_IMAGE_EVER,paralux-d-e
3525,Payload 3-Bag 5 kit,simple,,,NO_IMAGE_EVER,payload-3-bag-5-kit
414,Payload 9-Bag Kit,simple,,,NO_IMAGE_EVER,payload-9-bag-kit
3594,Ph Up 2.5,simple,,,NO_IMAGE_EVER,ph-up-2-5
1493,Phillips Agrolite XT,simple,,,NO_IMAGE_EVER,phillips-agrolite-xt
1516,Phillips Cermalux HPS,variable,,,NO_IMAGE_EVER,phillips-cermalux-hps
2900,Physan 20™ 16,simple,,,NO_IMAGE_EVER,physan-20-16
3606,Poddy Mouth 32% 1/40z,simple,,,NO_IMAGE_EVER,poddy-mouth-32-1-40z
3506,Poly B&W 25 ft.x10ft,simple,,,NO_IMAGE_EVER,poly-b-w-25-ft-x10ft
3147,Poly B&W 50 ft.x10ft,simple,,,NO_IMAGE_EVER,poly-b-w-50-ft-x10ft
2814,PondMaster 8W Sterilizer,simple,,,NO_IMAGE_EVER,pondmaster-8w-sterilizer
3628,POTASIUM SULFATE 5 /0-0-50,simple,,,NO_IMAGE_EVER,potasium-sulfate-5-0-0-50
1318,PPM-2a Fuzzy Logic,simple,,,NO_IMAGE_EVER,ppm-2a-fuzzy-logic
1671,Praying Mantis Egg 2ct - SO,simple,,,NO_IMAGE_EVER,praying-mantis-egg-2ct-so
1885,PRO REPLACMENT charcoal,simple,,,NO_IMAGE_EVER,pro-replacment-charcoal
976,Prozap Insect Guard !,simple,,,NO_IMAGE_EVER,prozap-insect-guard
1786,Psilocybin Mushroom Handbook,simple,,,NO_IMAGE_EVER,psilocybin-mushroom-handbook
3233,Psycloner 24 Site D.W.C,simple,,,NO_IMAGE_EVER,psycloner-24-site-d-w-c
993,Pyrethrum,simple,,,NO_IMAGE_EVER,pyrethrum
1979,RAINDRIP 1 GPH emmiter/10pk,simple,,,NO_IMAGE_EVER,raindrip-1-gph-emmiter-10pk
3241,Rainmaker 4 way hose,simple,,,NO_IMAGE_EVER,rainmaker-4-way-hose
3012,RAW Adjustable Measuring Spoon,simple,,,NO_IMAGE_EVER,raw-adjustable-measuring-spoon
2914,RAW Phosphorus 9 - 61 - 0/,variable,,,NO_IMAGE_EVER,raw-phosphorus-9-61-0
2610,Reducer Fitting 1/to 3/8,simple,,,NO_IMAGE_EVER,reducer-fitting-1-to-3-8
2869,Reducer Tee 1/to 3/8,simple,,,NO_IMAGE_EVER,reducer-tee-1-to-3-8
1369,Reservoir Heater 200w,simple,,,NO_IMAGE_EVER,reservoir-heater-200w
1370,Reservoir Heater 300w,simple,,,NO_IMAGE_EVER,reservoir-heater-300w
3511,Rhizium element tranferr 2.5Ga,simple,,,NO_IMAGE_EVER,rhizium-element-tranferr-2-5ga
3510,Rhizium1.6-0.7-4.5,simple,,,NO_IMAGE_EVER,rhizium1-6-0-7-4-5
364,Robo Stik,variable,,,NO_IMAGE_EVER,robo-stik
1184,Rock Phosphate 0 - 3 - 0 /,simple,,,NO_IMAGE_EVER,rock-phosphate-0-3-0
3480,RollingBench 10'-13' L.w/trl,simple,,,NO_IMAGE_EVER,rollingbench-10-13-l-w-trl
1636,Round Mesh Bottom Pot,variable,,,NO_IMAGE_EVER,round-mesh-bottom-pot
381,Roxx 3x3x2.5 8ct,simple,,,NO_IMAGE_EVER,roxx-3x3x2-5-8ct
390,Roxx 3x3x4 8ct,simple,,,NO_IMAGE_EVER,roxx-3x3x4-8ct
383,Roxx 4x4x2.5 6ct,simple,,,NO_IMAGE_EVER,roxx-4x4x2-5-6ct
379,Roxx Maxi-Plug Mat 98ct,simple,,,NO_IMAGE_EVER,roxx-maxi-plug-mat-98ct
3392,SANIDATE Cleansor,simple,,,NO_IMAGE_EVER,sanidate-cleansor
3655,Scietetics GrowPowder9.0-4.0-12,simple,,,NO_IMAGE_EVER,scietetics-growpowder9-0-4-0-12
1036,Seedling Heat Mat - 2 Tray,simple,,,NO_IMAGE_EVER,seedling-heat-mat-2-tray
1037,Seedling Heat Mat - 4 Tray,simple,,,NO_IMAGE_EVER,seedling-heat-mat-4-tray
2714,Shear Perfection Curved Trimm,simple,,,NO_IMAGE_EVER,shear-perfection-curved-trimm
2963,Shear Perfection Curver,simple,,,NO_IMAGE_EVER,shear-perfection-curver
3028,ShearPerfectionShear - curve,simple,,,NO_IMAGE_EVER,shearperfectionshear-curve
2896,ShearPerfectionSteel Bonsai 60m,simple,,,NO_IMAGE_EVER,shearperfectionsteel-bonsai-60m
1546,Short Tub Outlet Fitting 1/2,simple,,,NO_IMAGE_EVER,short-tub-outlet-fitting-1-2
hmh-sed-jif8f1,Skunk Auto (Feminised) Skunk x Ruderalis 5 Seed,simple,,,NO_IMAGE_EVER,skunk-auto-feminised-skunk-x-ruderalis-5-seed
hmh-sed-binn7q,Skywalker Auto Skywalker OG x Gelato #41 Auto 5 seed,simple,,,NO_IMAGE_EVER,skywalker-auto-skywalker-og-x-gelato-41-auto-5-seed
884,Smokus Focus Middleman,simple,,,NO_IMAGE_EVER,smokus-focus-middleman
881,Smokus Focus STASH,simple,,,NO_IMAGE_EVER,smokus-focus-stash
493,SnapStand Dovetail 90 Degree,simple,,,NO_IMAGE_EVER,snapstand-dovetail-90-degree
hmh-trm-ak0eva,Spin Pro Wire Replacments,simple,,,NO_IMAGE_EVER,spin-pro-wire-replacments
460,Stealth RO150/300 RO Membrane,simple,,,NO_IMAGE_EVER,stealth-ro150-300-ro-membrane
2651,Sterile Disposable Scalpel,simple,,,NO_IMAGE_EVER,sterile-disposable-scalpel
3386,SugarPeak32oz Grand Finale0-6-4,simple,,,NO_IMAGE_EVER,sugarpeak32oz-grand-finale0-6-4
3500,Sulfur Dust 4,simple,,,NO_IMAGE_EVER,sulfur-dust-4
1419,Sunmaster MH Warm Deluxe,simple,,,NO_IMAGE_EVER,sunmaster-mh-warm-deluxe
3590,SUNPACK® T5 HO-18,simple,,,NO_IMAGE_EVER,sunpack-t5-ho-18
hmh-sed-g0341w,Super Bud (Feminised) Big Bud x Skunk Photo. 5 Seed,simple,,,NO_IMAGE_EVER,super-bud-feminised-big-bud-x-skunk-photo-5-seed
hmh-sed-vae9p9,Super Bud Auto (Feminised) Super Bud x Ruderalis 5 Seed,simple,,,NO_IMAGE_EVER,super-bud-auto-feminised-super-bud-x-ruderalis-5-seed
hmh-sed-xuuvf,Super Lemon Haze x GMO (Feminised) -5 Seed,simple,,,NO_IMAGE_EVER,super-lemon-haze-x-gmo-feminised-5-seed
hmh-sed-ab4ztd,Super Lemon Haze x RS11 (Feminised) -5 Seed,simple,,,NO_IMAGE_EVER,super-lemon-haze-x-rs11-feminised-5-seed
3377,SuperSpore Mushroom Grain Bag 4,simple,,,NO_IMAGE_EVER,superspore-mushroom-grain-bag-4
1799,SURGE PLUS 350 Gm,simple,,,NO_IMAGE_EVER,surge-plus-350-gm
1724,Sylvania 750w HPS,simple,,,NO_IMAGE_EVER,sylvania-750w-hps
3406,Syngerite Bonzi Groth Hormone q,simple,,,NO_IMAGE_EVER,syngerite-bonzi-groth-hormone-q
349,Syringe 100cc,simple,,,NO_IMAGE_EVER,syringe-100cc
3309,T.O. Plastics Press Fill Carry,simple,,,NO_IMAGE_EVER,t-o-plastics-press-fill-carry
1264,T12VDC 12v DC Transformer,simple,,,NO_IMAGE_EVER,t12vdc-12v-dc-transformer
2649,T5 2` Phillips Star Coat 64K,simple,,,NO_IMAGE_EVER,t5-2-phillips-star-coat-64k
858,Tarp Zip Up,simple,,,NO_IMAGE_EVER,tarp-zip-up
785,Tee 1/2,variable,,,NO_IMAGE_EVER,tee-1-2
783,Tee 1/4,simple,,,NO_IMAGE_EVER,tee-1-4
3432,Terp Lock 62% 1/2 pound,simple,,,NO_IMAGE_EVER,terp-lock-62-1-2-pound
3431,Terp Lock 62% 1/4,simple,,,NO_IMAGE_EVER,terp-lock-62-1-4
3430,Terp Lock 62% 1/8,simple,,,NO_IMAGE_EVER,terp-lock-62-1-8
3317,Terpify Essential Oil Intensifi,simple,,,NO_IMAGE_EVER,terpify-essential-oil-intensifi
1276,TP2 Adjustable Tempstat,simple,,,NO_IMAGE_EVER,tp2-adjustable-tempstat
2957,Trellis Netting 5`X30` (mesh),simple,,,NO_IMAGE_EVER,trellis-netting-5-x30-mesh
1628,"Trifecta-P.M.mitesBotrytis,Aphi",variable,,,NO_IMAGE_EVER,trifecta-p-m-mitesbotrytis-aphi
2895,Tru Hole1 1/8-1 1/Fitting,simple,,,NO_IMAGE_EVER,tru-hole1-1-8-1-1-fitting
1545,TurboClone Collas-52,simple,,,NO_IMAGE_EVER,turboclone-collas-52
3011,TurboKlone Klone Collars-1.6,simple,,,NO_IMAGE_EVER,turboklone-klone-collars-1-6
2803,Twist Tie 164ft,simple,,,NO_IMAGE_EVER,twist-tie-164ft
2626,UNO 2 speed fan 440CFM,simple,,,NO_IMAGE_EVER,uno-2-speed-fan-440cfm
2625,UNO 2 speed fan 750 CFM,variable,,,NO_IMAGE_EVER,uno-2-speed-fan-750-cfm
2623,UNO 2 speed Fan 845cfm,simple,,,NO_IMAGE_EVER,uno-2-speed-fan-845cfm
2784,UNO CO2 NG. 8 Burner,variable,,,NO_IMAGE_EVER,uno-co2-ng-8-burner
1445,Upgrade Kit R0100 to RO200,simple,,,NO_IMAGE_EVER,upgrade-kit-r0100-to-ro200
1766,Uv Sterilizer Kit,simple,,,NO_IMAGE_EVER,uv-sterilizer-kit
3062,VC- PKBoost SuperFlower1-13-6,simple,,,NO_IMAGE_EVER,vc-pkboost-superflower1-13-6
3321,Vegan Mix 3-2-2 - - OMRI,simple,,,NO_IMAGE_EVER,vegan-mix-3-2-2-omri
1573,Venture MH,variable,,,NO_IMAGE_EVER,venture-mh
1082,Vine Clip,simple,,,NO_IMAGE_EVER,vine-clip
3287,Voltage Converter inverter1000W,simple,,,NO_IMAGE_EVER,voltage-converter-inverter1000w
3440,Voltage Converter inverter3000W,simple,,,NO_IMAGE_EVER,voltage-converter-inverter3000w
3250,Voltage Converter inverter5000W,simple,,,NO_IMAGE_EVER,voltage-converter-inverter5000w
3493,Wachs4'RollingBench13.5-19.5trl,simple,,,NO_IMAGE_EVER,wachs4-rollingbench13-5-19-5trl
3646,Wachsen 5' Rolling Bench 10'-13,simple,,,NO_IMAGE_EVER,wachsen-5-rolling-bench-10-13
3467,Wachsen Rolling Bench 10'-13,simple,,,NO_IMAGE_EVER,wachsen-rolling-bench-10-13
hmh-sed-9mfm5k,White Rhino (Feminised) Afghan x Brazilian x South Indian Photo-5 Seed,simple,,,NO_IMAGE_EVER,white-rhino-feminised-afghan-x-brazilian-x-south-indian-photo-5-seed
864,White Widow Auto (Feminised) White Widow x Ruderalis-5 Seed,variable,,,NO_IMAGE_EVER,white-widow-auto-feminised-white-widow-x-ruderalis-5-seed
1126,Worm Gear Clamp 10,simple,,,NO_IMAGE_EVER,worm-gear-clamp-10
1125,Worm Gear Clamp 12,simple,,,NO_IMAGE_EVER,worm-gear-clamp-12
707,Worm Gear Clamp 4,simple,,,NO_IMAGE_EVER,worm-gear-clamp-4
708,Worm Gear Clamp 6,simple,,,NO_IMAGE_EVER,worm-gear-clamp-6
709,Worm Gear Clamp 8,simple,,,NO_IMAGE_EVER,worm-gear-clamp-8
3611,Wormganic OMIR Worm Castings1ft,simple,,,NO_IMAGE_EVER,wormganic-omir-worm-castings1ft
3559,Yellow Sensor cards 3x4.5-30 pk,simple,,,NO_IMAGE_EVER,yellow-sensor-cards-3x4-5-30-pk
2354,Zeus Juice,variable,,,NO_IMAGE_EVER,zeus-juice
